DATE_TIME,OPEN,HIGH,LOW,CLOSE,VOLUME
2024-01-01 00:00:00,1.1,1.1000100000000002,1.09999,1.1,0
2024-01-01 00:01:00,1.1002004008016033,1.1002104008016034,1.1001904008016032,1.1002004008016033,0
2024-01-01 00:02:00,1.1004008016032065,1.1004108016032066,1.1003908016032065,1.1004008016032065,0
2024-01-01 00:03:00,1.1006012024048097,1.1006112024048098,1.1005912024048097,1.1006012024048097,0
2024-01-01 00:04:00,1.100801603206413,1.100811603206413,1.100791603206413,1.100801603206413,0
2024-01-01 00:05:00,1.1010020040080162,1.1010120040080162,1.1009920040080161,1.1010020040080162,0
2024-01-01 00:06:00,1.1012024048096194,1.1012124048096195,1.1011924048096193,1.1012024048096194,0
2024-01-01 00:07:00,1.1014028056112226,1.1014128056112227,1.1013928056112225,1.1014028056112226,0
2024-01-01 00:08:00,1.1016032064128258,1.101613206412826,1.1015932064128258,1.1016032064128258,0
2024-01-01 00:09:00,1.101803607214429,1.1018136072144291,1.101793607214429,1.101803607214429,0
2024-01-01 00:10:00,1.102004008016032,1.102014008016032,1.101994008016032,1.102004008016032,0
2024-01-01 00:11:00,1.1022044088176353,1.1022144088176353,1.1021944088176352,1.1022044088176353,0
2024-01-01 00:12:00,1.1024048096192385,1.1024148096192385,1.1023948096192384,1.1024048096192385,0
2024-01-01 00:13:00,1.1026052104208417,1.1026152104208418,1.1025952104208416,1.1026052104208417,0
2024-01-01 00:14:00,1.102805611222445,1.102815611222445,1.1027956112224448,1.102805611222445,0
2024-01-01 00:15:00,1.1030060120240481,1.1030160120240482,1.102996012024048,1.1030060120240481,0
2024-01-01 00:16:00,1.1032064128256514,1.1032164128256514,1.1031964128256513,1.1032064128256514,0
2024-01-01 00:17:00,1.1034068136272546,1.1034168136272546,1.1033968136272545,1.1034068136272546,0
2024-01-01 00:18:00,1.1036072144288578,1.1036172144288579,1.1035972144288577,1.1036072144288578,0
2024-01-01 00:19:00,1.103807615230461,1.103817615230461,1.103797615230461,1.103807615230461,0
2024-01-01 00:20:00,1.1040080160320642,1.1040180160320643,1.1039980160320642,1.1040080160320642,0
2024-01-01 00:21:00,1.1042084168336674,1.1042184168336675,1.1041984168336674,1.1042084168336674,0
2024-01-01 00:22:00,1.1044088176352707,1.1044188176352707,1.1043988176352706,1.1044088176352707,0
2024-01-01 00:23:00,1.1046092184368739,1.104619218436874,1.1045992184368738,1.1046092184368739,0
2024-01-01 00:24:00,1.104809619238477,1.1048196192384772,1.104799619238477,1.104809619238477,0
2024-01-01 00:25:00,1.1050100200400803,1.1050200200400804,1.1050000200400802,1.1050100200400803,0
2024-01-01 00:26:00,1.1052104208416835,1.1052204208416836,1.1052004208416835,1.1052104208416835,0
2024-01-01 00:27:00,1.1054108216432867,1.1054208216432868,1.1054008216432867,1.1054108216432867,0
2024-01-01 00:28:00,1.10561122244489,1.10562122244489,1.10560122244489,1.10561122244489,0
2024-01-01 00:29:00,1.105811623246493,1.105821623246493,1.105801623246493,1.105811623246493,0
2024-01-01 00:30:00,1.1060120240480962,1.1060220240480962,1.106002024048096,1.1060120240480962,0
2024-01-01 00:31:00,1.1062124248496994,1.1062224248496995,1.1062024248496993,1.1062124248496994,0
2024-01-01 00:32:00,1.1064128256513026,1.1064228256513027,1.1064028256513025,1.1064128256513026,0
2024-01-01 00:33:00,1.1066132264529058,1.106623226452906,1.1066032264529058,1.1066132264529058,0
2024-01-01 00:34:00,1.106813627254509,1.1068236272545091,1.106803627254509,1.106813627254509,0
2024-01-01 00:35:00,1.1070140280561123,1.1070240280561123,1.1070040280561122,1.1070140280561123,0
2024-01-01 00:36:00,1.1072144288577155,1.1072244288577155,1.1072044288577154,1.1072144288577155,0
2024-01-01 00:37:00,1.1074148296593187,1.1074248296593188,1.1074048296593186,1.1074148296593187,0
2024-01-01 00:38:00,1.107615230460922,1.107625230460922,1.1076052304609219,1.107615230460922,0
2024-01-01 00:39:00,1.1078156312625251,1.1078256312625252,1.107805631262525,1.1078156312625251,0
2024-01-01 00:40:00,1.1080160320641284,1.1080260320641284,1.1080060320641283,1.1080160320641284,0
2024-01-01 00:41:00,1.1082164328657316,1.1082264328657316,1.1082064328657315,1.1082164328657316,0
2024-01-01 00:42:00,1.1084168336673348,1.1084268336673349,1.1084068336673347,1.1084168336673348,0
2024-01-01 00:43:00,1.108617234468938,1.108627234468938,1.108607234468938,1.108617234468938,0
2024-01-01 00:44:00,1.1088176352705412,1.1088276352705413,1.1088076352705412,1.1088176352705412,0
2024-01-01 00:45:00,1.1090180360721444,1.1090280360721445,1.1090080360721444,1.1090180360721444,0
2024-01-01 00:46:00,1.1092184368737477,1.1092284368737477,1.1092084368737476,1.1092184368737477,0
2024-01-01 00:47:00,1.1094188376753509,1.109428837675351,1.1094088376753508,1.1094188376753509,0
2024-01-01 00:48:00,1.109619238476954,1.1096292384769542,1.109609238476954,1.109619238476954,0
2024-01-01 00:49:00,1.109819639278557,1.1098296392785572,1.109809639278557,1.109819639278557,0
2024-01-01 00:50:00,1.1100200400801603,1.1100300400801604,1.1100100400801602,1.1100200400801603,0
2024-01-01 00:51:00,1.1102204408817635,1.1102304408817636,1.1102104408817635,1.1102204408817635,0
2024-01-01 00:52:00,1.1104208416833667,1.1104308416833668,1.1104108416833667,1.1104208416833667,0
2024-01-01 00:53:00,1.11062124248497,1.11063124248497,1.11061124248497,1.11062124248497,0
2024-01-01 00:54:00,1.1108216432865732,1.1108316432865732,1.1108116432865731,1.1108216432865732,0
2024-01-01 00:55:00,1.1110220440881764,1.1110320440881765,1.1110120440881763,1.1110220440881764,0
2024-01-01 00:56:00,1.1112224448897796,1.1112324448897797,1.1112124448897795,1.1112224448897796,0
2024-01-01 00:57:00,1.1114228456913828,1.111432845691383,1.1114128456913828,1.1114228456913828,0
2024-01-01 00:58:00,1.111623246492986,1.1116332464929861,1.111613246492986,1.111623246492986,0
2024-01-01 00:59:00,1.1118236472945893,1.1118336472945893,1.1118136472945892,1.1118236472945893,0
2024-01-01 01:00:00,1.1120240480961925,1.1120340480961926,1.1120140480961924,1.1120240480961925,0
2024-01-01 01:01:00,1.1122244488977957,1.1122344488977958,1.1122144488977956,1.1122244488977957,0
2024-01-01 01:02:00,1.112424849699399,1.112434849699399,1.1124148496993989,1.112424849699399,0
2024-01-01 01:03:00,1.1126252505010021,1.1126352505010022,1.112615250501002,1.1126252505010021,0
2024-01-01 01:04:00,1.1128256513026054,1.1128356513026054,1.1128156513026053,1.1128256513026054,0
2024-01-01 01:05:00,1.1130260521042086,1.1130360521042086,1.1130160521042085,1.1130260521042086,0
2024-01-01 01:06:00,1.1132264529058118,1.1132364529058119,1.1132164529058117,1.1132264529058118,0
2024-01-01 01:07:00,1.113426853707415,1.113436853707415,1.113416853707415,1.113426853707415,0
2024-01-01 01:08:00,1.113627254509018,1.113637254509018,1.113617254509018,1.113627254509018,0
2024-01-01 01:09:00,1.1138276553106212,1.1138376553106213,1.1138176553106212,1.1138276553106212,0
2024-01-01 01:10:00,1.1140280561122244,1.1140380561122245,1.1140180561122244,1.1140280561122244,0
2024-01-01 01:11:00,1.1142284569138277,1.1142384569138277,1.1142184569138276,1.1142284569138277,0
2024-01-01 01:12:00,1.1144288577154309,1.114438857715431,1.1144188577154308,1.1144288577154309,0
2024-01-01 01:13:00,1.114629258517034,1.1146392585170342,1.114619258517034,1.114629258517034,0
2024-01-01 01:14:00,1.1148296593186373,1.1148396593186374,1.1148196593186372,1.1148296593186373,0
2024-01-01 01:15:00,1.1150300601202405,1.1150400601202406,1.1150200601202405,1.1150300601202405,0
2024-01-01 01:16:00,1.1152304609218437,1.1152404609218438,1.1152204609218437,1.1152304609218437,0
2024-01-01 01:17:00,1.115430861723447,1.115440861723447,1.115420861723447,1.115430861723447,0
2024-01-01 01:18:00,1.1156312625250502,1.1156412625250502,1.1156212625250501,1.1156312625250502,0
2024-01-01 01:19:00,1.1158316633266534,1.1158416633266535,1.1158216633266533,1.1158316633266534,0
2024-01-01 01:20:00,1.1160320641282566,1.1160420641282567,1.1160220641282566,1.1160320641282566,0
2024-01-01 01:21:00,1.1162324649298598,1.11624246492986,1.1162224649298598,1.1162324649298598,0
2024-01-01 01:22:00,1.116432865731463,1.1164428657314631,1.116422865731463,1.116432865731463,0
2024-01-01 01:23:00,1.1166332665330663,1.1166432665330663,1.1166232665330662,1.1166332665330663,0
2024-01-01 01:24:00,1.1168336673346695,1.1168436673346696,1.1168236673346694,1.1168336673346695,0
2024-01-01 01:25:00,1.1170340681362727,1.1170440681362728,1.1170240681362726,1.1170340681362727,0
2024-01-01 01:26:00,1.117234468937876,1.117244468937876,1.1172244689378759,1.117234468937876,0
2024-01-01 01:27:00,1.117434869739479,1.117444869739479,1.1174248697394789,1.117434869739479,0
2024-01-01 01:28:00,1.1176352705410821,1.1176452705410822,1.117625270541082,1.1176352705410821,0
2024-01-01 01:29:00,1.1178356713426854,1.1178456713426854,1.1178256713426853,1.1178356713426854,0
2024-01-01 01:30:00,1.1180360721442886,1.1180460721442886,1.1180260721442885,1.1180360721442886,0
2024-01-01 01:31:00,1.1182364729458918,1.1182464729458919,1.1182264729458917,1.1182364729458918,0
2024-01-01 01:32:00,1.118436873747495,1.118446873747495,1.118426873747495,1.118436873747495,0
2024-01-01 01:33:00,1.1186372745490982,1.1186472745490983,1.1186272745490982,1.1186372745490982,0
2024-01-01 01:34:00,1.1188376753507014,1.1188476753507015,1.1188276753507014,1.1188376753507014,0
2024-01-01 01:35:00,1.1190380761523047,1.1190480761523047,1.1190280761523046,1.1190380761523047,0
2024-01-01 01:36:00,1.1192384769539079,1.119248476953908,1.1192284769539078,1.1192384769539079,0
2024-01-01 01:37:00,1.119438877755511,1.1194488777555112,1.119428877755511,1.119438877755511,0
2024-01-01 01:38:00,1.1196392785571143,1.1196492785571144,1.1196292785571142,1.1196392785571143,0
2024-01-01 01:39:00,1.1198396793587175,1.1198496793587176,1.1198296793587175,1.1198396793587175,0
2024-01-01 01:40:00,1.1200400801603208,1.1200500801603208,1.1200300801603207,1.1200400801603208,0
2024-01-01 01:41:00,1.120240480961924,1.120250480961924,1.120230480961924,1.120240480961924,0
2024-01-01 01:42:00,1.1204408817635272,1.1204508817635273,1.1204308817635271,1.1204408817635272,0
2024-01-01 01:43:00,1.1206412825651304,1.1206512825651305,1.1206312825651303,1.1206412825651304,0
2024-01-01 01:44:00,1.1208416833667336,1.1208516833667337,1.1208316833667336,1.1208416833667336,0
2024-01-01 01:45:00,1.1210420841683368,1.121052084168337,1.1210320841683368,1.1210420841683368,0
2024-01-01 01:46:00,1.1212424849699398,1.12125248496994,1.1212324849699398,1.1212424849699398,0
2024-01-01 01:47:00,1.121442885771543,1.1214528857715431,1.121432885771543,1.121442885771543,0
2024-01-01 01:48:00,1.1216432865731463,1.1216532865731463,1.1216332865731462,1.1216432865731463,0
2024-01-01 01:49:00,1.1218436873747495,1.1218536873747496,1.1218336873747494,1.1218436873747495,0
2024-01-01 01:50:00,1.1220440881763527,1.1220540881763528,1.1220340881763526,1.1220440881763527,0
2024-01-01 01:51:00,1.122244488977956,1.122254488977956,1.1222344889779559,1.122244488977956,0
2024-01-01 01:52:00,1.1224448897795591,1.1224548897795592,1.122434889779559,1.1224448897795591,0
2024-01-01 01:53:00,1.1226452905811624,1.1226552905811624,1.1226352905811623,1.1226452905811624,0
2024-01-01 01:54:00,1.1228456913827656,1.1228556913827656,1.1228356913827655,1.1228456913827656,0
2024-01-01 01:55:00,1.1230460921843688,1.1230560921843689,1.1230360921843687,1.1230460921843688,0
2024-01-01 01:56:00,1.123246492985972,1.123256492985972,1.123236492985972,1.123246492985972,0
2024-01-01 01:57:00,1.1234468937875752,1.1234568937875753,1.1234368937875752,1.1234468937875752,0
2024-01-01 01:58:00,1.1236472945891784,1.1236572945891785,1.1236372945891784,1.1236472945891784,0
2024-01-01 01:59:00,1.1238476953907817,1.1238576953907817,1.1238376953907816,1.1238476953907817,0
2024-01-01 02:00:00,1.1240480961923849,1.124058096192385,1.1240380961923848,1.1240480961923849,0
2024-01-01 02:01:00,1.124248496993988,1.1242584969939882,1.124238496993988,1.124248496993988,0
2024-01-01 02:02:00,1.1244488977955913,1.1244588977955914,1.1244388977955913,1.1244488977955913,0
2024-01-01 02:03:00,1.1246492985971945,1.1246592985971946,1.1246392985971945,1.1246492985971945,0
2024-01-01 02:04:00,1.1248496993987978,1.1248596993987978,1.1248396993987977,1.1248496993987978,0
2024-01-01 02:05:00,1.1250501002004007,1.1250601002004008,1.1250401002004007,1.1250501002004007,0
2024-01-01 02:06:00,1.125250501002004,1.125260501002004,1.125240501002004,1.125250501002004,0
2024-01-01 02:07:00,1.1254509018036072,1.1254609018036072,1.1254409018036071,1.1254509018036072,0
2024-01-01 02:08:00,1.1256513026052104,1.1256613026052105,1.1256413026052103,1.1256513026052104,0
2024-01-01 02:09:00,1.1258517034068136,1.1258617034068137,1.1258417034068136,1.1258517034068136,0
2024-01-01 02:10:00,1.1260521042084168,1.126062104208417,1.1260421042084168,1.1260521042084168,0
2024-01-01 02:11:00,1.12625250501002,1.1262625050100201,1.12624250501002,1.12625250501002,0
2024-01-01 02:12:00,1.1264529058116233,1.1264629058116233,1.1264429058116232,1.1264529058116233,0
2024-01-01 02:13:00,1.1266533066132265,1.1266633066132266,1.1266433066132264,1.1266533066132265,0
2024-01-01 02:14:00,1.1268537074148297,1.1268637074148298,1.1268437074148296,1.1268537074148297,0
2024-01-01 02:15:00,1.127054108216433,1.127064108216433,1.1270441082164329,1.127054108216433,0
2024-01-01 02:16:00,1.1272545090180361,1.1272645090180362,1.127244509018036,1.1272545090180361,0
2024-01-01 02:17:00,1.1274549098196394,1.1274649098196394,1.1274449098196393,1.1274549098196394,0
2024-01-01 02:18:00,1.1276553106212426,1.1276653106212426,1.1276453106212425,1.1276553106212426,0
2024-01-01 02:19:00,1.1278557114228458,1.1278657114228459,1.1278457114228457,1.1278557114228458,0
2024-01-01 02:20:00,1.128056112224449,1.128066112224449,1.128046112224449,1.128056112224449,0
2024-01-01 02:21:00,1.1282565130260522,1.1282665130260523,1.1282465130260522,1.1282565130260522,0
2024-01-01 02:22:00,1.1284569138276555,1.1284669138276555,1.1284469138276554,1.1284569138276555,0
2024-01-01 02:23:00,1.1286573146292587,1.1286673146292587,1.1286473146292586,1.1286573146292587,0
2024-01-01 02:24:00,1.1288577154308617,1.1288677154308617,1.1288477154308616,1.1288577154308617,0
2024-01-01 02:25:00,1.1290581162324649,1.129068116232465,1.1290481162324648,1.1290581162324649,0
2024-01-01 02:26:00,1.129258517034068,1.1292685170340682,1.129248517034068,1.129258517034068,0
2024-01-01 02:27:00,1.1294589178356713,1.1294689178356714,1.1294489178356713,1.1294589178356713,0
2024-01-01 02:28:00,1.1296593186372745,1.1296693186372746,1.1296493186372745,1.1296593186372745,0
2024-01-01 02:29:00,1.1298597194388778,1.1298697194388778,1.1298497194388777,1.1298597194388778,0
2024-01-01 02:30:00,1.130060120240481,1.130070120240481,1.130050120240481,1.130060120240481,0
2024-01-01 02:31:00,1.1302605210420842,1.1302705210420843,1.1302505210420841,1.1302605210420842,0
2024-01-01 02:32:00,1.1304609218436874,1.1304709218436875,1.1304509218436873,1.1304609218436874,0
2024-01-01 02:33:00,1.1306613226452906,1.1306713226452907,1.1306513226452906,1.1306613226452906,0
2024-01-01 02:34:00,1.1308617234468938,1.130871723446894,1.1308517234468938,1.1308617234468938,0
2024-01-01 02:35:00,1.131062124248497,1.1310721242484971,1.131052124248497,1.131062124248497,0
2024-01-01 02:36:00,1.1312625250501003,1.1312725250501003,1.1312525250501002,1.1312625250501003,0
2024-01-01 02:37:00,1.1314629258517035,1.1314729258517036,1.1314529258517034,1.1314629258517035,0
2024-01-01 02:38:00,1.1316633266533067,1.1316733266533068,1.1316533266533066,1.1316633266533067,0
2024-01-01 02:39:00,1.13186372745491,1.13187372745491,1.1318537274549099,1.13186372745491,0
2024-01-01 02:40:00,1.1320641282565131,1.1320741282565132,1.132054128256513,1.1320641282565131,0
2024-01-01 02:41:00,1.1322645290581164,1.1322745290581164,1.1322545290581163,1.1322645290581164,0
2024-01-01 02:42:00,1.1324649298597196,1.1324749298597196,1.1324549298597195,1.1324649298597196,0
2024-01-01 02:43:00,1.1326653306613226,1.1326753306613226,1.1326553306613225,1.1326653306613226,0
2024-01-01 02:44:00,1.1328657314629258,1.1328757314629259,1.1328557314629257,1.1328657314629258,0
2024-01-01 02:45:00,1.133066132264529,1.133076132264529,1.133056132264529,1.133066132264529,0
2024-01-01 02:46:00,1.1332665330661322,1.1332765330661323,1.1332565330661322,1.1332665330661322,0
2024-01-01 02:47:00,1.1334669338677354,1.1334769338677355,1.1334569338677354,1.1334669338677354,0
2024-01-01 02:48:00,1.1336673346693387,1.1336773346693387,1.1336573346693386,1.1336673346693387,0
2024-01-01 02:49:00,1.1338677354709419,1.133877735470942,1.1338577354709418,1.1338677354709419,0
2024-01-01 02:50:00,1.134068136272545,1.1340781362725452,1.134058136272545,1.134068136272545,0
2024-01-01 02:51:00,1.1342685370741483,1.1342785370741484,1.1342585370741483,1.1342685370741483,0
2024-01-01 02:52:00,1.1344689378757515,1.1344789378757516,1.1344589378757515,1.1344689378757515,0
2024-01-01 02:53:00,1.1346693386773548,1.1346793386773548,1.1346593386773547,1.1346693386773548,0
2024-01-01 02:54:00,1.134869739478958,1.134879739478958,1.134859739478958,1.134869739478958,0
2024-01-01 02:55:00,1.1350701402805612,1.1350801402805613,1.1350601402805611,1.1350701402805612,0
2024-01-01 02:56:00,1.1352705410821644,1.1352805410821645,1.1352605410821643,1.1352705410821644,0
2024-01-01 02:57:00,1.1354709418837676,1.1354809418837677,1.1354609418837676,1.1354709418837676,0
2024-01-01 02:58:00,1.1356713426853708,1.135681342685371,1.1356613426853708,1.1356713426853708,0
2024-01-01 02:59:00,1.135871743486974,1.1358817434869741,1.135861743486974,1.135871743486974,0
2024-01-01 03:00:00,1.1360721442885773,1.1360821442885773,1.1360621442885772,1.1360721442885773,0
2024-01-01 03:01:00,1.1362725450901805,1.1362825450901806,1.1362625450901804,1.1362725450901805,0
2024-01-01 03:02:00,1.1364729458917835,1.1364829458917836,1.1364629458917834,1.1364729458917835,0
2024-01-01 03:03:00,1.1366733466933867,1.1366833466933868,1.1366633466933866,1.1366733466933867,0
2024-01-01 03:04:00,1.13687374749499,1.13688374749499,1.1368637474949899,1.13687374749499,0
2024-01-01 03:05:00,1.1370741482965931,1.1370841482965932,1.137064148296593,1.1370741482965931,0
2024-01-01 03:06:00,1.1372745490981964,1.1372845490981964,1.1372645490981963,1.1372745490981964,0
2024-01-01 03:07:00,1.1374749498997996,1.1374849498997996,1.1374649498997995,1.1374749498997996,0
2024-01-01 03:08:00,1.1376753507014028,1.1376853507014029,1.1376653507014027,1.1376753507014028,0
2024-01-01 03:09:00,1.137875751503006,1.137885751503006,1.137865751503006,1.137875751503006,0
2024-01-01 03:10:00,1.1380761523046092,1.1380861523046093,1.1380661523046092,1.1380761523046092,0
2024-01-01 03:11:00,1.1382765531062125,1.1382865531062125,1.1382665531062124,1.1382765531062125,0
2024-01-01 03:12:00,1.1384769539078157,1.1384869539078157,1.1384669539078156,1.1384769539078157,0
2024-01-01 03:13:00,1.1386773547094189,1.138687354709419,1.1386673547094188,1.1386773547094189,0
2024-01-01 03:14:00,1.138877755511022,1.1388877555110222,1.138867755511022,1.138877755511022,0
2024-01-01 03:15:00,1.1390781563126253,1.1390881563126254,1.1390681563126253,1.1390781563126253,0
2024-01-01 03:16:00,1.1392785571142285,1.1392885571142286,1.1392685571142285,1.1392785571142285,0
2024-01-01 03:17:00,1.1394789579158318,1.1394889579158318,1.1394689579158317,1.1394789579158318,0
2024-01-01 03:18:00,1.139679358717435,1.139689358717435,1.139669358717435,1.139679358717435,0
2024-01-01 03:19:00,1.1398797595190382,1.1398897595190383,1.1398697595190381,1.1398797595190382,0
2024-01-01 03:20:00,1.1400801603206414,1.1400901603206415,1.1400701603206413,1.1400801603206414,0
2024-01-01 03:21:00,1.1402805611222446,1.1402905611222447,1.1402705611222446,1.1402805611222446,0
2024-01-01 03:22:00,1.1404809619238476,1.1404909619238477,1.1404709619238476,1.1404809619238476,0
2024-01-01 03:23:00,1.1406813627254508,1.140691362725451,1.1406713627254508,1.1406813627254508,0
2024-01-01 03:24:00,1.140881763527054,1.1408917635270541,1.140871763527054,1.140881763527054,0
2024-01-01 03:25:00,1.1410821643286573,1.1410921643286573,1.1410721643286572,1.1410821643286573,0
2024-01-01 03:26:00,1.1412825651302605,1.1412925651302606,1.1412725651302604,1.1412825651302605,0
2024-01-01 03:27:00,1.1414829659318637,1.1414929659318638,1.1414729659318636,1.1414829659318637,0
2024-01-01 03:28:00,1.141683366733467,1.141693366733467,1.1416733667334669,1.141683366733467,0
2024-01-01 03:29:00,1.1418837675350701,1.1418937675350702,1.14187376753507,1.1418837675350701,0
2024-01-01 03:30:00,1.1420841683366734,1.1420941683366734,1.1420741683366733,1.1420841683366734,0
2024-01-01 03:31:00,1.1422845691382766,1.1422945691382766,1.1422745691382765,1.1422845691382766,0
2024-01-01 03:32:00,1.1424849699398798,1.1424949699398799,1.1424749699398797,1.1424849699398798,0
2024-01-01 03:33:00,1.142685370741483,1.142695370741483,1.142675370741483,1.142685370741483,0
2024-01-01 03:34:00,1.1428857715430862,1.1428957715430863,1.1428757715430862,1.1428857715430862,0
2024-01-01 03:35:00,1.1430861723446895,1.1430961723446895,1.1430761723446894,1.1430861723446895,0
2024-01-01 03:36:00,1.1432865731462927,1.1432965731462927,1.1432765731462926,1.1432865731462927,0
2024-01-01 03:37:00,1.143486973947896,1.143496973947896,1.1434769739478958,1.143486973947896,0
2024-01-01 03:38:00,1.143687374749499,1.1436973747494992,1.143677374749499,1.143687374749499,0
2024-01-01 03:39:00,1.1438877755511023,1.1438977755511024,1.1438777755511023,1.1438877755511023,0
2024-01-01 03:40:00,1.1440881763527055,1.1440981763527056,1.1440781763527055,1.1440881763527055,0
2024-01-01 03:41:00,1.1442885771543085,1.1442985771543086,1.1442785771543085,1.1442885771543085,0
2024-01-01 03:42:00,1.1444889779559118,1.1444989779559118,1.1444789779559117,1.1444889779559118,0
2024-01-01 03:43:00,1.144689378757515,1.144699378757515,1.144679378757515,1.144689378757515,0
2024-01-01 03:44:00,1.1448897795591182,1.1448997795591183,1.1448797795591181,1.1448897795591182,0
2024-01-01 03:45:00,1.1450901803607214,1.1451001803607215,1.1450801803607213,1.1450901803607214,0
2024-01-01 03:46:00,1.1452905811623246,1.1453005811623247,1.1452805811623246,1.1452905811623246,0
2024-01-01 03:47:00,1.1454909819639278,1.145500981963928,1.1454809819639278,1.1454909819639278,0
2024-01-01 03:48:00,1.145691382765531,1.1457013827655311,1.145681382765531,1.145691382765531,0
2024-01-01 03:49:00,1.1458917835671343,1.1459017835671343,1.1458817835671342,1.1458917835671343,0
2024-01-01 03:50:00,1.1460921843687375,1.1461021843687376,1.1460821843687374,1.1460921843687375,0
2024-01-01 03:51:00,1.1462925851703407,1.1463025851703408,1.1462825851703407,1.1462925851703407,0
2024-01-01 03:52:00,1.146492985971944,1.146502985971944,1.1464829859719439,1.146492985971944,0
2024-01-01 03:53:00,1.1466933867735472,1.1467033867735472,1.146683386773547,1.1466933867735472,0
2024-01-01 03:54:00,1.1468937875751504,1.1469037875751504,1.1468837875751503,1.1468937875751504,0
2024-01-01 03:55:00,1.1470941883767536,1.1471041883767537,1.1470841883767535,1.1470941883767536,0
2024-01-01 03:56:00,1.1472945891783568,1.1473045891783569,1.1472845891783567,1.1472945891783568,0
2024-01-01 03:57:00,1.14749498997996,1.14750498997996,1.14748498997996,1.14749498997996,0
2024-01-01 03:58:00,1.1476953907815632,1.1477053907815633,1.1476853907815632,1.1476953907815632,0
2024-01-01 03:59:00,1.1478957915831665,1.1479057915831665,1.1478857915831664,1.1478957915831665,0
2024-01-01 04:00:00,1.1480961923847697,1.1481061923847697,1.1480861923847696,1.1480961923847697,0
2024-01-01 04:01:00,1.1482965931863727,1.1483065931863727,1.1482865931863726,1.1482965931863727,0
2024-01-01 04:02:00,1.148496993987976,1.148506993987976,1.1484869939879758,1.148496993987976,0
2024-01-01 04:03:00,1.148697394789579,1.1487073947895792,1.148687394789579,1.148697394789579,0
2024-01-01 04:04:00,1.1488977955911823,1.1489077955911824,1.1488877955911823,1.1488977955911823,0
2024-01-01 04:05:00,1.1490981963927855,1.1491081963927856,1.1490881963927855,1.1490981963927855,0
2024-01-01 04:06:00,1.1492985971943888,1.1493085971943888,1.1492885971943887,1.1492985971943888,0
2024-01-01 04:07:00,1.149498997995992,1.149508997995992,1.149488997995992,1.149498997995992,0
2024-01-01 04:08:00,1.1496993987975952,1.1497093987975953,1.1496893987975951,1.1496993987975952,0
2024-01-01 04:09:00,1.1498997995991984,1.1499097995991985,1.1498897995991983,1.1498997995991984,0
2024-01-01 04:10:00,1.1501002004008016,1.1501102004008017,1.1500902004008016,1.1501002004008016,0
2024-01-01 04:11:00,1.1503006012024048,1.150310601202405,1.1502906012024048,1.1503006012024048,0
2024-01-01 04:12:00,1.150501002004008,1.1505110020040081,1.150491002004008,1.150501002004008,0
2024-01-01 04:13:00,1.1507014028056113,1.1507114028056113,1.1506914028056112,1.1507014028056113,0
2024-01-01 04:14:00,1.1509018036072145,1.1509118036072146,1.1508918036072144,1.1509018036072145,0
2024-01-01 04:15:00,1.1511022044088177,1.1511122044088178,1.1510922044088177,1.1511022044088177,0
2024-01-01 04:16:00,1.151302605210421,1.151312605210421,1.1512926052104209,1.151302605210421,0
2024-01-01 04:17:00,1.1515030060120242,1.1515130060120242,1.151493006012024,1.1515030060120242,0
2024-01-01 04:18:00,1.1517034068136274,1.1517134068136274,1.1516934068136273,1.1517034068136274,0
2024-01-01 04:19:00,1.1519038076152306,1.1519138076152307,1.1518938076152305,1.1519038076152306,0
2024-01-01 04:20:00,1.1521042084168336,1.1521142084168337,1.1520942084168335,1.1521042084168336,0
2024-01-01 04:21:00,1.1523046092184368,1.1523146092184369,1.1522946092184367,1.1523046092184368,0
2024-01-01 04:22:00,1.15250501002004,1.15251501002004,1.15249501002004,1.15250501002004,0
2024-01-01 04:23:00,1.1527054108216432,1.1527154108216433,1.1526954108216432,1.1527054108216432,0
2024-01-01 04:24:00,1.1529058116232465,1.1529158116232465,1.1528958116232464,1.1529058116232465,0
2024-01-01 04:25:00,1.1531062124248497,1.1531162124248497,1.1530962124248496,1.1531062124248497,0
2024-01-01 04:26:00,1.153306613226453,1.153316613226453,1.1532966132264528,1.153306613226453,0
2024-01-01 04:27:00,1.153507014028056,1.1535170140280562,1.153497014028056,1.153507014028056,0
2024-01-01 04:28:00,1.1537074148296593,1.1537174148296594,1.1536974148296593,1.1537074148296593,0
2024-01-01 04:29:00,1.1539078156312625,1.1539178156312626,1.1538978156312625,1.1539078156312625,0
2024-01-01 04:30:00,1.1541082164328658,1.1541182164328658,1.1540982164328657,1.1541082164328658,0
2024-01-01 04:31:00,1.154308617234469,1.154318617234469,1.154298617234469,1.154308617234469,0
2024-01-01 04:32:00,1.1545090180360722,1.1545190180360723,1.1544990180360721,1.1545090180360722,0
2024-01-01 04:33:00,1.1547094188376754,1.1547194188376755,1.1546994188376754,1.1547094188376754,0
2024-01-01 04:34:00,1.1549098196392786,1.1549198196392787,1.1548998196392786,1.1549098196392786,0
2024-01-01 04:35:00,1.1551102204408819,1.155120220440882,1.1551002204408818,1.1551102204408819,0
2024-01-01 04:36:00,1.155310621242485,1.1553206212424851,1.155300621242485,1.155310621242485,0
2024-01-01 04:37:00,1.1555110220440883,1.1555210220440884,1.1555010220440882,1.1555110220440883,0
2024-01-01 04:38:00,1.1557114228456915,1.1557214228456916,1.1557014228456914,1.1557114228456915,0
2024-01-01 04:39:00,1.1559118236472945,1.1559218236472946,1.1559018236472944,1.1559118236472945,0
2024-01-01 04:40:00,1.1561122244488977,1.1561222244488978,1.1561022244488977,1.1561122244488977,0
2024-01-01 04:41:00,1.156312625250501,1.156322625250501,1.1563026252505009,1.156312625250501,0
2024-01-01 04:42:00,1.1565130260521042,1.1565230260521042,1.156503026052104,1.1565130260521042,0
2024-01-01 04:43:00,1.1567134268537074,1.1567234268537074,1.1567034268537073,1.1567134268537074,0
2024-01-01 04:44:00,1.1569138276553106,1.1569238276553107,1.1569038276553105,1.1569138276553106,0
2024-01-01 04:45:00,1.1571142284569138,1.1571242284569139,1.1571042284569137,1.1571142284569138,0
2024-01-01 04:46:00,1.157314629258517,1.157324629258517,1.157304629258517,1.157314629258517,0
2024-01-01 04:47:00,1.1575150300601202,1.1575250300601203,1.1575050300601202,1.1575150300601202,0
2024-01-01 04:48:00,1.1577154308617235,1.1577254308617235,1.1577054308617234,1.1577154308617235,0
2024-01-01 04:49:00,1.1579158316633267,1.1579258316633267,1.1579058316633266,1.1579158316633267,0
2024-01-01 04:50:00,1.15811623246493,1.15812623246493,1.1581062324649298,1.15811623246493,0
2024-01-01 04:51:00,1.1583166332665331,1.1583266332665332,1.158306633266533,1.1583166332665331,0
2024-01-01 04:52:00,1.1585170340681363,1.1585270340681364,1.1585070340681363,1.1585170340681363,0
2024-01-01 04:53:00,1.1587174348697395,1.1587274348697396,1.1587074348697395,1.1587174348697395,0
2024-01-01 04:54:00,1.1589178356713428,1.1589278356713428,1.1589078356713427,1.1589178356713428,0
2024-01-01 04:55:00,1.159118236472946,1.159128236472946,1.159108236472946,1.159118236472946,0
2024-01-01 04:56:00,1.1593186372745492,1.1593286372745493,1.1593086372745491,1.1593186372745492,0
2024-01-01 04:57:00,1.1595190380761524,1.1595290380761525,1.1595090380761524,1.1595190380761524,0
2024-01-01 04:58:00,1.1597194388777554,1.1597294388777555,1.1597094388777553,1.1597194388777554,0
2024-01-01 04:59:00,1.1599198396793586,1.1599298396793587,1.1599098396793586,1.1599198396793586,0
2024-01-01 05:00:00,1.1601202404809619,1.160130240480962,1.1601102404809618,1.1601202404809619,0
2024-01-01 05:01:00,1.160320641282565,1.1603306412825651,1.160310641282565,1.160320641282565,0
2024-01-01 05:02:00,1.1605210420841683,1.1605310420841684,1.1605110420841682,1.1605210420841683,0
2024-01-01 05:03:00,1.1607214428857715,1.1607314428857716,1.1607114428857714,1.1607214428857715,0
2024-01-01 05:04:00,1.1609218436873747,1.1609318436873748,1.1609118436873747,1.1609218436873747,0
2024-01-01 05:05:00,1.161122244488978,1.161132244488978,1.1611122444889779,1.161122244488978,0
2024-01-01 05:06:00,1.1613226452905812,1.1613326452905812,1.161312645290581,1.1613226452905812,0
2024-01-01 05:07:00,1.1615230460921844,1.1615330460921844,1.1615130460921843,1.1615230460921844,0
2024-01-01 05:08:00,1.1617234468937876,1.1617334468937877,1.1617134468937875,1.1617234468937876,0
2024-01-01 05:09:00,1.1619238476953908,1.1619338476953909,1.1619138476953907,1.1619238476953908,0
2024-01-01 05:10:00,1.162124248496994,1.162134248496994,1.162114248496994,1.162124248496994,0
2024-01-01 05:11:00,1.1623246492985972,1.1623346492985973,1.1623146492985972,1.1623246492985972,0
2024-01-01 05:12:00,1.1625250501002005,1.1625350501002005,1.1625150501002004,1.1625250501002005,0
2024-01-01 05:13:00,1.1627254509018037,1.1627354509018037,1.1627154509018036,1.1627254509018037,0
2024-01-01 05:14:00,1.162925851703407,1.162935851703407,1.1629158517034068,1.162925851703407,0
2024-01-01 05:15:00,1.1631262525050101,1.1631362525050102,1.16311625250501,1.1631262525050101,0
2024-01-01 05:16:00,1.1633266533066133,1.1633366533066134,1.1633166533066133,1.1633266533066133,0
2024-01-01 05:17:00,1.1635270541082163,1.1635370541082164,1.1635170541082163,1.1635270541082163,0
2024-01-01 05:18:00,1.1637274549098195,1.1637374549098196,1.1637174549098195,1.1637274549098195,0
2024-01-01 05:19:00,1.1639278557114228,1.1639378557114228,1.1639178557114227,1.1639278557114228,0
2024-01-01 05:20:00,1.164128256513026,1.164138256513026,1.164118256513026,1.164128256513026,0
2024-01-01 05:21:00,1.1643286573146292,1.1643386573146293,1.1643186573146291,1.1643286573146292,0
2024-01-01 05:22:00,1.1645290581162324,1.1645390581162325,1.1645190581162324,1.1645290581162324,0
2024-01-01 05:23:00,1.1647294589178356,1.1647394589178357,1.1647194589178356,1.1647294589178356,0
2024-01-01 05:24:00,1.1649298597194389,1.164939859719439,1.1649198597194388,1.1649298597194389,0
2024-01-01 05:25:00,1.165130260521042,1.1651402605210421,1.165120260521042,1.165130260521042,0
2024-01-01 05:26:00,1.1653306613226453,1.1653406613226454,1.1653206613226452,1.1653306613226453,0
2024-01-01 05:27:00,1.1655310621242485,1.1655410621242486,1.1655210621242484,1.1655310621242485,0
2024-01-01 05:28:00,1.1657314629258517,1.1657414629258518,1.1657214629258517,1.1657314629258517,0
2024-01-01 05:29:00,1.165931863727455,1.165941863727455,1.1659218637274549,1.165931863727455,0
2024-01-01 05:30:00,1.1661322645290582,1.1661422645290582,1.166122264529058,1.1661322645290582,0
2024-01-01 05:31:00,1.1663326653306614,1.1663426653306614,1.1663226653306613,1.1663326653306614,0
2024-01-01 05:32:00,1.1665330661322646,1.1665430661322647,1.1665230661322645,1.1665330661322646,0
2024-01-01 05:33:00,1.1667334669338678,1.1667434669338679,1.1667234669338677,1.1667334669338678,0
2024-01-01 05:34:00,1.166933867735471,1.166943867735471,1.166923867735471,1.166933867735471,0
2024-01-01 05:35:00,1.1671342685370742,1.1671442685370743,1.1671242685370742,1.1671342685370742,0
2024-01-01 05:36:00,1.1673346693386772,1.1673446693386773,1.1673246693386772,1.1673346693386772,0
2024-01-01 05:37:00,1.1675350701402805,1.1675450701402805,1.1675250701402804,1.1675350701402805,0
2024-01-01 05:38:00,1.1677354709418837,1.1677454709418837,1.1677254709418836,1.1677354709418837,0
2024-01-01 05:39:00,1.167935871743487,1.167945871743487,1.1679258717434868,1.167935871743487,0
2024-01-01 05:40:00,1.1681362725450901,1.1681462725450902,1.16812627254509,1.1681362725450901,0
2024-01-01 05:41:00,1.1683366733466933,1.1683466733466934,1.1683266733466933,1.1683366733466933,0
2024-01-01 05:42:00,1.1685370741482966,1.1685470741482966,1.1685270741482965,1.1685370741482966,0
2024-01-01 05:43:00,1.1687374749498998,1.1687474749498998,1.1687274749498997,1.1687374749498998,0
2024-01-01 05:44:00,1.168937875751503,1.168947875751503,1.168927875751503,1.168937875751503,0
2024-01-01 05:45:00,1.1691382765531062,1.1691482765531063,1.1691282765531061,1.1691382765531062,0
2024-01-01 05:46:00,1.1693386773547094,1.1693486773547095,1.1693286773547094,1.1693386773547094,0
2024-01-01 05:47:00,1.1695390781563126,1.1695490781563127,1.1695290781563126,1.1695390781563126,0
2024-01-01 05:48:00,1.1697394789579159,1.169749478957916,1.1697294789579158,1.1697394789579159,0
2024-01-01 05:49:00,1.169939879759519,1.1699498797595191,1.169929879759519,1.169939879759519,0
2024-01-01 05:50:00,1.1701402805611223,1.1701502805611224,1.1701302805611222,1.1701402805611223,0
2024-01-01 05:51:00,1.1703406813627255,1.1703506813627256,1.1703306813627254,1.1703406813627255,0
2024-01-01 05:52:00,1.1705410821643287,1.1705510821643288,1.1705310821643287,1.1705410821643287,0
2024-01-01 05:53:00,1.170741482965932,1.170751482965932,1.1707314829659319,1.170741482965932,0
2024-01-01 05:54:00,1.1709418837675352,1.1709518837675352,1.170931883767535,1.1709418837675352,0
2024-01-01 05:55:00,1.1711422845691382,1.1711522845691382,1.171132284569138,1.1711422845691382,0
2024-01-01 05:56:00,1.1713426853707414,1.1713526853707414,1.1713326853707413,1.1713426853707414,0
2024-01-01 05:57:00,1.1715430861723446,1.1715530861723447,1.1715330861723445,1.1715430861723446,0
2024-01-01 05:58:00,1.1717434869739478,1.1717534869739479,1.1717334869739477,1.1717434869739478,0
2024-01-01 05:59:00,1.171943887775551,1.171953887775551,1.171933887775551,1.171943887775551,0
2024-01-01 06:00:00,1.1721442885771542,1.1721542885771543,1.1721342885771542,1.1721442885771542,0
2024-01-01 06:01:00,1.1723446893787575,1.1723546893787575,1.1723346893787574,1.1723446893787575,0
2024-01-01 06:02:00,1.1725450901803607,1.1725550901803607,1.1725350901803606,1.1725450901803607,0
2024-01-01 06:03:00,1.172745490981964,1.172755490981964,1.1727354909819638,1.172745490981964,0
2024-01-01 06:04:00,1.1729458917835671,1.1729558917835672,1.172935891783567,1.1729458917835671,0
2024-01-01 06:05:00,1.1731462925851703,1.1731562925851704,1.1731362925851703,1.1731462925851703,0
2024-01-01 06:06:00,1.1733466933867736,1.1733566933867736,1.1733366933867735,1.1733466933867736,0
2024-01-01 06:07:00,1.1735470941883768,1.1735570941883768,1.1735370941883767,1.1735470941883768,0
2024-01-01 06:08:00,1.17374749498998,1.17375749498998,1.17373749498998,1.17374749498998,0
2024-01-01 06:09:00,1.1739478957915832,1.1739578957915833,1.1739378957915831,1.1739478957915832,0
2024-01-01 06:10:00,1.1741482965931864,1.1741582965931865,1.1741382965931864,1.1741482965931864,0
2024-01-01 06:11:00,1.1743486973947896,1.1743586973947897,1.1743386973947896,1.1743486973947896,0
2024-01-01 06:12:00,1.1745490981963929,1.174559098196393,1.1745390981963928,1.1745490981963929,0
2024-01-01 06:13:00,1.174749498997996,1.1747594989979961,1.174739498997996,1.174749498997996,0
2024-01-01 06:14:00,1.174949899799599,1.1749598997995991,1.174939899799599,1.174949899799599,0
2024-01-01 06:15:00,1.1751503006012023,1.1751603006012024,1.1751403006012022,1.1751503006012023,0
2024-01-01 06:16:00,1.1753507014028055,1.1753607014028056,1.1753407014028054,1.1753507014028055,0
2024-01-01 06:17:00,1.1755511022044087,1.1755611022044088,1.1755411022044087,1.1755511022044087,0
2024-01-01 06:18:00,1.175751503006012,1.175761503006012,1.1757415030060119,1.175751503006012,0
2024-01-01 06:19:00,1.1759519038076152,1.1759619038076152,1.175941903807615,1.1759519038076152,0
2024-01-01 06:20:00,1.1761523046092184,1.1761623046092184,1.1761423046092183,1.1761523046092184,0
2024-01-01 06:21:00,1.1763527054108216,1.1763627054108217,1.1763427054108215,1.1763527054108216,0
2024-01-01 06:22:00,1.1765531062124248,1.1765631062124249,1.1765431062124247,1.1765531062124248,0
2024-01-01 06:23:00,1.176753507014028,1.176763507014028,1.176743507014028,1.176753507014028,0
2024-01-01 06:24:00,1.1769539078156313,1.1769639078156313,1.1769439078156312,1.1769539078156313,0
2024-01-01 06:25:00,1.1771543086172345,1.1771643086172345,1.1771443086172344,1.1771543086172345,0
2024-01-01 06:26:00,1.1773547094188377,1.1773647094188378,1.1773447094188376,1.1773547094188377,0
2024-01-01 06:27:00,1.177555110220441,1.177565110220441,1.1775451102204408,1.177555110220441,0
2024-01-01 06:28:00,1.1777555110220441,1.1777655110220442,1.177745511022044,1.1777555110220441,0
2024-01-01 06:29:00,1.1779559118236473,1.1779659118236474,1.1779459118236473,1.1779559118236473,0
2024-01-01 06:30:00,1.1781563126252506,1.1781663126252506,1.1781463126252505,1.1781563126252506,0
2024-01-01 06:31:00,1.1783567134268538,1.1783667134268538,1.1783467134268537,1.1783567134268538,0
2024-01-01 06:32:00,1.178557114228457,1.178567114228457,1.178547114228457,1.178557114228457,0
2024-01-01 06:33:00,1.17875751503006,1.17876751503006,1.17874751503006,1.17875751503006,0
2024-01-01 06:34:00,1.1789579158316632,1.1789679158316633,1.1789479158316631,1.1789579158316632,0
2024-01-01 06:35:00,1.1791583166332664,1.1791683166332665,1.1791483166332664,1.1791583166332664,0
2024-01-01 06:36:00,1.1793587174348696,1.1793687174348697,1.1793487174348696,1.1793587174348696,0
2024-01-01 06:37:00,1.1795591182364729,1.179569118236473,1.1795491182364728,1.1795591182364729,0
2024-01-01 06:38:00,1.179759519038076,1.1797695190380761,1.179749519038076,1.179759519038076,0
2024-01-01 06:39:00,1.1799599198396793,1.1799699198396794,1.1799499198396792,1.1799599198396793,0
2024-01-01 06:40:00,1.1801603206412825,1.1801703206412826,1.1801503206412824,1.1801603206412825,0
2024-01-01 06:41:00,1.1803607214428857,1.1803707214428858,1.1803507214428857,1.1803607214428857,0
2024-01-01 06:42:00,1.180561122244489,1.180571122244489,1.1805511222444889,1.180561122244489,0
2024-01-01 06:43:00,1.1807615230460922,1.1807715230460922,1.180751523046092,1.1807615230460922,0
2024-01-01 06:44:00,1.1809619238476954,1.1809719238476954,1.1809519238476953,1.1809619238476954,0
2024-01-01 06:45:00,1.1811623246492986,1.1811723246492987,1.1811523246492985,1.1811623246492986,0
2024-01-01 06:46:00,1.1813627254509018,1.1813727254509019,1.1813527254509018,1.1813627254509018,0
2024-01-01 06:47:00,1.181563126252505,1.181573126252505,1.181553126252505,1.181563126252505,0
2024-01-01 06:48:00,1.1817635270541083,1.1817735270541083,1.1817535270541082,1.1817635270541083,0
2024-01-01 06:49:00,1.1819639278557115,1.1819739278557115,1.1819539278557114,1.1819639278557115,0
2024-01-01 06:50:00,1.1821643286573147,1.1821743286573148,1.1821543286573146,1.1821643286573147,0
2024-01-01 06:51:00,1.182364729458918,1.182374729458918,1.1823547294589178,1.182364729458918,0
2024-01-01 06:52:00,1.182565130260521,1.182575130260521,1.1825551302605208,1.182565130260521,0
2024-01-01 06:53:00,1.1827655310621243,1.1827755310621244,1.1827555310621243,1.1827655310621243,0
2024-01-01 06:54:00,1.1829659318637273,1.1829759318637274,1.1829559318637273,1.1829659318637273,0
2024-01-01 06:55:00,1.1831663326653306,1.1831763326653306,1.1831563326653305,1.1831663326653306,0
2024-01-01 06:56:00,1.1833667334669338,1.1833767334669338,1.1833567334669337,1.1833667334669338,0
2024-01-01 06:57:00,1.183567134268537,1.183577134268537,1.183557134268537,1.183567134268537,0
2024-01-01 06:58:00,1.1837675350701402,1.1837775350701403,1.1837575350701401,1.1837675350701402,0
2024-01-01 06:59:00,1.1839679358717434,1.1839779358717435,1.1839579358717434,1.1839679358717434,0
2024-01-01 07:00:00,1.1841683366733466,1.1841783366733467,1.1841583366733466,1.1841683366733466,0
2024-01-01 07:01:00,1.1843687374749499,1.18437873747495,1.1843587374749498,1.1843687374749499,0
2024-01-01 07:02:00,1.184569138276553,1.1845791382765531,1.184559138276553,1.184569138276553,0
2024-01-01 07:03:00,1.1847695390781563,1.1847795390781564,1.1847595390781562,1.1847695390781563,0
2024-01-01 07:04:00,1.1849699398797595,1.1849799398797596,1.1849599398797594,1.1849699398797595,0
2024-01-01 07:05:00,1.1851703406813627,1.1851803406813628,1.1851603406813627,1.1851703406813627,0
2024-01-01 07:06:00,1.185370741482966,1.185380741482966,1.1853607414829659,1.185370741482966,0
2024-01-01 07:07:00,1.1855711422845692,1.1855811422845692,1.185561142284569,1.1855711422845692,0
2024-01-01 07:08:00,1.1857715430861724,1.1857815430861725,1.1857615430861723,1.1857715430861724,0
2024-01-01 07:09:00,1.1859719438877756,1.1859819438877757,1.1859619438877755,1.1859719438877756,0
2024-01-01 07:10:00,1.1861723446893788,1.1861823446893789,1.1861623446893788,1.1861723446893788,0
2024-01-01 07:11:00,1.186372745490982,1.186382745490982,1.186362745490982,1.186372745490982,0
2024-01-01 07:12:00,1.1865731462925853,1.1865831462925853,1.1865631462925852,1.1865731462925853,0
2024-01-01 07:13:00,1.1867735470941883,1.1867835470941883,1.1867635470941882,1.1867735470941883,0
2024-01-01 07:14:00,1.1869739478957915,1.1869839478957915,1.1869639478957914,1.1869739478957915,0
2024-01-01 07:15:00,1.1871743486973947,1.1871843486973948,1.1871643486973946,1.1871743486973947,0
2024-01-01 07:16:00,1.187374749498998,1.187384749498998,1.1873647494989978,1.187374749498998,0
2024-01-01 07:17:00,1.1875751503006011,1.1875851503006012,1.187565150300601,1.1875751503006011,0
2024-01-01 07:18:00,1.1877755511022043,1.1877855511022044,1.1877655511022043,1.1877755511022043,0
2024-01-01 07:19:00,1.1879759519038076,1.1879859519038076,1.1879659519038075,1.1879759519038076,0
2024-01-01 07:20:00,1.1881763527054108,1.1881863527054108,1.1881663527054107,1.1881763527054108,0
2024-01-01 07:21:00,1.188376753507014,1.188386753507014,1.188366753507014,1.188376753507014,0
2024-01-01 07:22:00,1.1885771543086172,1.1885871543086173,1.1885671543086171,1.1885771543086172,0
2024-01-01 07:23:00,1.1887775551102204,1.1887875551102205,1.1887675551102204,1.1887775551102204,0
2024-01-01 07:24:00,1.1889779559118236,1.1889879559118237,1.1889679559118236,1.1889779559118236,0
2024-01-01 07:25:00,1.1891783567134269,1.189188356713427,1.1891683567134268,1.1891783567134269,0
2024-01-01 07:26:00,1.18937875751503,1.1893887575150301,1.18936875751503,1.18937875751503,0
2024-01-01 07:27:00,1.1895791583166333,1.1895891583166334,1.1895691583166332,1.1895791583166333,0
2024-01-01 07:28:00,1.1897795591182365,1.1897895591182366,1.1897695591182365,1.1897795591182365,0
2024-01-01 07:29:00,1.1899799599198397,1.1899899599198398,1.1899699599198397,1.1899799599198397,0
2024-01-01 07:30:00,1.190180360721443,1.190190360721443,1.1901703607214429,1.190180360721443,0
2024-01-01 07:31:00,1.1903807615230462,1.1903907615230462,1.190370761523046,1.1903807615230462,0
2024-01-01 07:32:00,1.1905811623246492,1.1905911623246492,1.190571162324649,1.1905811623246492,0
2024-01-01 07:33:00,1.1907815631262524,1.1907915631262525,1.1907715631262523,1.1907815631262524,0
2024-01-01 07:34:00,1.1909819639278556,1.1909919639278557,1.1909719639278555,1.1909819639278556,0
2024-01-01 07:35:00,1.1911823647294588,1.1911923647294589,1.1911723647294588,1.1911823647294588,0
2024-01-01 07:36:00,1.191382765531062,1.191392765531062,1.191372765531062,1.191382765531062,0
2024-01-01 07:37:00,1.1915831663326653,1.1915931663326653,1.1915731663326652,1.1915831663326653,0
2024-01-01 07:38:00,1.1917835671342685,1.1917935671342685,1.1917735671342684,1.1917835671342685,0
2024-01-01 07:39:00,1.1919839679358717,1.1919939679358718,1.1919739679358716,1.1919839679358717,0
2024-01-01 07:40:00,1.192184368737475,1.192194368737475,1.1921743687374748,1.192184368737475,0
2024-01-01 07:41:00,1.1923847695390781,1.1923947695390782,1.192374769539078,1.1923847695390781,0
2024-01-01 07:42:00,1.1925851703406813,1.1925951703406814,1.1925751703406813,1.1925851703406813,0
2024-01-01 07:43:00,1.1927855711422846,1.1927955711422846,1.1927755711422845,1.1927855711422846,0
2024-01-01 07:44:00,1.1929859719438878,1.1929959719438878,1.1929759719438877,1.1929859719438878,0
2024-01-01 07:45:00,1.193186372745491,1.193196372745491,1.193176372745491,1.193186372745491,0
2024-01-01 07:46:00,1.1933867735470942,1.1933967735470943,1.1933767735470941,1.1933867735470942,0
2024-01-01 07:47:00,1.1935871743486974,1.1935971743486975,1.1935771743486974,1.1935871743486974,0
2024-01-01 07:48:00,1.1937875751503007,1.1937975751503007,1.1937775751503006,1.1937875751503007,0
2024-01-01 07:49:00,1.1939879759519039,1.193997975951904,1.1939779759519038,1.1939879759519039,0
2024-01-01 07:50:00,1.194188376753507,1.1941983767535072,1.194178376753507,1.194188376753507,0
2024-01-01 07:51:00,1.19438877755511,1.1943987775551101,1.19437877755511,1.19438877755511,0
2024-01-01 07:52:00,1.1945891783567133,1.1945991783567134,1.1945791783567132,1.1945891783567133,0
2024-01-01 07:53:00,1.1947895791583165,1.1947995791583166,1.1947795791583165,1.1947895791583165,0
2024-01-01 07:54:00,1.1949899799599197,1.1949999799599198,1.1949799799599197,1.1949899799599197,0
2024-01-01 07:55:00,1.195190380761523,1.195200380761523,1.1951803807615229,1.195190380761523,0
2024-01-01 07:56:00,1.1953907815631262,1.1954007815631262,1.195380781563126,1.1953907815631262,0
2024-01-01 07:57:00,1.1955911823647294,1.1956011823647295,1.1955811823647293,1.1955911823647294,0
2024-01-01 07:58:00,1.1957915831663326,1.1958015831663327,1.1957815831663325,1.1957915831663326,0
2024-01-01 07:59:00,1.1959919839679358,1.1960019839679359,1.1959819839679358,1.1959919839679358,0
2024-01-01 08:00:00,1.196192384769539,1.196202384769539,1.196182384769539,1.196192384769539,0
2024-01-01 08:01:00,1.1963927855711423,1.1964027855711423,1.1963827855711422,1.1963927855711423,0
2024-01-01 08:02:00,1.1965931863727455,1.1966031863727455,1.1965831863727454,1.1965931863727455,0
2024-01-01 08:03:00,1.1967935871743487,1.1968035871743488,1.1967835871743486,1.1967935871743487,0
2024-01-01 08:04:00,1.196993987975952,1.197003987975952,1.1969839879759518,1.196993987975952,0
2024-01-01 08:05:00,1.1971943887775551,1.1972043887775552,1.197184388777555,1.1971943887775551,0
2024-01-01 08:06:00,1.1973947895791583,1.1974047895791584,1.1973847895791583,1.1973947895791583,0
2024-01-01 08:07:00,1.1975951903807616,1.1976051903807616,1.1975851903807615,1.1975951903807616,0
2024-01-01 08:08:00,1.1977955911823648,1.1978055911823648,1.1977855911823647,1.1977955911823648,0
2024-01-01 08:09:00,1.197995991983968,1.198005991983968,1.197985991983968,1.197995991983968,0
2024-01-01 08:10:00,1.198196392785571,1.198206392785571,1.198186392785571,1.198196392785571,0
2024-01-01 08:11:00,1.1983967935871742,1.1984067935871743,1.1983867935871741,1.1983967935871742,0
2024-01-01 08:12:00,1.1985971943887774,1.1986071943887775,1.1985871943887774,1.1985971943887774,0
2024-01-01 08:13:00,1.1987975951903806,1.1988075951903807,1.1987875951903806,1.1987975951903806,0
2024-01-01 08:14:00,1.1989979959919839,1.199007995991984,1.1989879959919838,1.1989979959919839,0
2024-01-01 08:15:00,1.199198396793587,1.1992083967935872,1.199188396793587,1.199198396793587,0
2024-01-01 08:16:00,1.1993987975951903,1.1994087975951904,1.1993887975951902,1.1993987975951903,0
2024-01-01 08:17:00,1.1995991983967935,1.1996091983967936,1.1995891983967935,1.1995991983967935,0
2024-01-01 08:18:00,1.1997995991983967,1.1998095991983968,1.1997895991983967,1.1997995991983967,0
2024-01-01 08:19:00,1.2,1.20001,1.19999,1.2,0
