1.16441000,1.16424000,1.16435000,1.16434000,124.00000000,11,10,5,0,0,44.82505767,0.00011223,17.35238716,-137.91704239,0.00031857,36.64235204
1.16437000,1.16412000,1.16416000,1.16417000,84.00000000,11,10,5,0,15,41.47237805,0.00009598,19.90543763,-158.10746553,0.00031071,34.53734299
1.16463000,1.16417000,1.16458000,1.16459000,190.00000000,11,10,5,0,30,50.04205628,0.00008122,18.24324023,-17.88888889,0.00031214,33.47370743
1.16461000,1.16427000,1.16456000,1.16457000,159.00000000,11,10,5,0,45,50.31456448,0.00006712,16.80266914,-16.71858775,0.00029714,32.75345203
1.16492000,1.16445000,1.16488000,1.16488000,275.00000000,11,10,5,1,0,57.38631938,0.00005536,17.13105404,108.32743571,0.00030643,33.48635206
1.16495000,1.16444000,1.16446000,1.16446000,233.00000000,11,10,5,1,15,51.64220632,0.00004494,17.68411896,13.05878211,0.00033143,34.24084254
1.16465000,1.16435000,1.16454000,1.16454000,206.00000000,11,10,5,1,30,50.12661654,0.00003727,16.09396971,-6.77361854,0.00033214,35.74353305
1.16506000,1.16449000,1.16489000,1.16490000,258.00000000,11,10,5,1,45,57.43751447,0.00003444,18.00146296,131.20915032,0.00035357,38.59143189
1.16490000,1.16374000,1.16378000,1.16377000,360.00000000,11,10,5,2,0,41.16515173,0.00002952,15.94540527,-174.64212679,0.00041786,39.73035314
1.16392000,1.16355000,1.16373000,1.16374000,368.00000000,11,10,5,2,15,36.63051900,0.00002150,15.20390464,-210.72351422,0.00043000,40.23362442
1.16402000,1.16329000,1.16385000,1.16385000,299.00000000,11,10,5,2,30,37.10055397,0.00000890,15.99811305,-162.66127674,0.00045857,39.94026910
1.16401000,1.16327000,1.16330000,1.16329000,330.00000000,11,10,5,2,45,33.33893440,-0.00000964,16.79595250,-171.42014532,0.00048286,37.99512547
1.16331000,1.16228000,1.16286000,1.16285000,457.00000000,11,10,5,3,0,26.70677094,-0.00004024,20.29714811,-206.71637410,0.00052857,35.02761985
1.16403000,1.16275000,1.16385000,1.16383000,383.00000000,11,10,5,3,15,42.02629814,-0.00007226,20.01173276,-71.42285735,0.00059929,33.94590071
1.16419000,1.16362000,1.16385000,1.16385000,376.00000000,11,10,5,3,30,45.97741194,-0.00010261,18.32935507,-29.91128010,0.00062786,33.91849854
1.16400000,1.16331000,1.16340000,1.16342000,309.00000000,11,10,5,3,45,41.80670268,-0.00013665,18.64928752,-68.87449004,0.00065929,33.55156016
1.16355000,1.16287000,1.16344000,1.16345000,353.00000000,11,10,5,4,0,39.57017133,-0.00016870,20.96740985,-83.71699963,0.00067429,34.02630864
1.16438000,1.16345000,1.16432000,1.16433000,354.00000000,11,10,5,4,15,50.68843122,-0.00018990,19.11037739,26.56503406,0.00071714,35.94009337
1.16504000,1.16433000,1.16472000,1.16470000,427.00000000,11,10,5,4,30,56.98048275,-0.00019763,18.23228390,111.56305960,0.00073500,38.94425563
1.16619000,1.16464000,1.16601000,1.16600000,484.00000000,11,10,5,4,45,65.22953632,-0.00018400,19.56433595,204.01999329,0.00080929,43.80207663
1.16600000,1.16539000,1.16549000,1.16549000,312.00000000,11,10,5,5,0,63.66746554,-0.00014906,20.71878107,154.96952097,0.00083214,49.34265824
1.16558000,1.16512000,1.16544000,1.16544000,268.00000000,11,10,5,5,15,61.07512919,-0.00010522,19.06226594,120.87904104,0.00082429,54.35716095
1.16571000,1.16492000,1.16519000,1.16522000,327.00000000,11,10,5,5,30,59.20210501,-0.00005781,16.56387818,86.81204569,0.00079786,58.69533046
1.16558000,1.16500000,1.16502000,1.16502000,244.00000000,11,10,5,5,45,57.89386930,-0.00000594,14.39860879,66.28485757,0.00081286,62.69506938
1.16507000,1.16450000,1.16495000,1.16495000,233.00000000,11,10,5,6,0,54.09770002,0.00004839,15.48640917,37.50961875,0.00080143,66.29863081
1.16507000,1.16429000,1.16437000,1.16437000,283.00000000,11,10,5,6,15,49.89991486,0.00009506,17.30615976,5.17641446,0.00080429,68.48102463
1.16443000,1.16383000,1.16435000,1.16436000,319.00000000,11,10,5,6,30,46.65566176,0.00012812,20.71770514,-32.11575790,0.00077357,69.21022244
1.16446000,1.16388000,1.16394000,1.16393000,232.00000000,11,10,5,6,45,44.62738187,0.00014029,23.34657904,-56.04883463,0.00072357,68.13269525
1.16476000,1.16386000,1.16447000,1.16448000,319.00000000,11,10,5,7,0,48.95486744,0.00013913,23.50110898,-26.65489850,0.00074714,66.37192906
1.16453000,1.16413000,1.16423000,1.16427000,225.00000000,11,10,5,7,15,47.63834048,0.00012796,23.63503493,-48.97783516,0.00072643,63.89686922
1.16449000,1.16418000,1.16449000,1.16450000,224.00000000,11,10,5,7,30,49.40341466,0.00011100,23.75110409,-48.39706450,0.00070000,60.99605397
1.16507000,1.16450000,1.16507000,1.16508000,325.00000000,11,10,5,7,45,55.65979686,0.00009447,22.55589215,15.64112743,0.00067429,58.13877483
1.16547000,1.16497000,1.16536000,1.16535000,281.00000000,11,10,5,8,0,59.45971569,0.00008366,24.17124073,60.60012336,0.00065857,55.56310128
1.16543000,1.16453000,1.16459000,1.16457000,286.00000000,11,10,5,8,15,52.68582096,0.00007626,22.85120149,-2.04287153,0.00061214,53.05798021
1.16505000,1.16395000,1.16405000,1.16404000,356.00000000,11,10,5,8,30,46.87758411,0.00006987,20.31817049,-72.79344859,0.00064643,50.39633517
1.16487000,1.16401000,1.16480000,1.16481000,380.00000000,11,10,5,8,45,50.82681485,0.00006862,18.12287696,-5.51318479,0.00067500,48.87152690
1.16536000,1.16479000,1.16517000,1.16515000,293.00000000,11,10,5,9,0,55.96208287,0.00007287,18.09510174,97.52533827,0.00065929,48.19536960
1.16591000,1.16500000,1.16572000,1.16573000,265.00000000,11,10,5,9,15,60.11320479,0.00008615,20.05018898,167.21517222,0.00068286,49.08678444
1.16636000,1.16565000,1.16586000,1.16584000,455.00000000,11,10,5,9,30,62.90692185,0.00010830,23.24571404,174.70422535,0.00069286,51.21669229
1.16659000,1.16550000,1.16640000,1.16639000,379.00000000,11,10,5,9,45,65.11854656,0.00013560,26.50336493,163.03047040,0.00071500,54.27135292
1.16718000,1.16630000,1.16687000,1.16688000,501.00000000,11,10,5,10,0,69.10339604,0.00016857,30.58641764,175.79614578,0.00073500,57.68313840
1.16748000,1.16667000,1.16745000,1.16745000,327.00000000,11,10,5,10,15,71.82577843,0.00021356,34.76130289,170.63988585,0.00075143,62.37783733
1.16777000,1.16705000,1.16736000,1.16736000,377.00000000,11,10,5,10,30,72.52388759,0.00027292,39.00209335,141.58790170,0.00073857,67.72565452
1.16736000,1.16601000,1.16610000,1.16612000,391.00000000,11,10,5,10,45,59.63167322,0.00033257,38.01768601,56.92050924,0.00080643,71.41906275
1.16624000,1.16507000,1.16526000,1.16526000,456.00000000,11,10,5,11,0,50.52040122,0.00038034,33.91201315,-21.45459113,0.00086786,72.76024977
1.16606000,1.16508000,1.16604000,1.16604000,362.00000000,11,10,5,11,15,53.37192739,0.00041713,30.35376334,2.04671510,0.00089643,72.87629266
1.16616000,1.16534000,1.16542000,1.16541000,290.00000000,11,10,5,11,30,51.35412299,0.00044019,27.77237445,-19.58704909,0.00091929,71.80501775
1.16575000,1.16529000,1.16566000,1.16560000,295.00000000,11,10,5,11,45,51.39909503,0.00044966,24.94177878,-26.05604350,0.00088786,69.79491259
1.16597000,1.16552000,1.16560000,1.16560000,296.00000000,11,10,5,12,0,52.18457150,0.00044406,24.63496039,-31.43917204,0.00084143,66.98753561
1.16578000,1.16558000,1.16567000,1.16566000,194.00000000,11,10,5,12,15,52.20977719,0.00042268,24.36905112,-43.22256900,0.00079429,63.04769665
1.16567000,1.16520000,1.16565000,1.16566000,205.00000000,11,10,5,12,30,50.68478120,0.00038671,22.56296908,-65.22818408,0.00078714,58.24133833
1.16595000,1.16531000,1.16592000,1.16593000,295.00000000,11,10,5,12,45,53.26440515,0.00034917,20.28193343,-38.58455257,0.00076786,53.82717245
1.16617000,1.16580000,1.16610000,1.16611000,235.00000000,11,10,5,13,0,56.10909845,0.00032038,20.54225466,-5.66337477,0.00074357,50.52019451
1.16649000,1.16606000,1.16625000,1.16624000,265.00000000,11,10,5,13,15,58.35423175,0.00029787,22.92642898,22.06176514,0.00069643,47.53110838
1.16629000,1.16608000,1.16625000,1.16626000,181.00000000,11,10,5,13,30,57.70402977,0.00028207,24.99271338,24.16857070,0.00064857,45.32154311
1.16638000,1.16607000,1.16607000,1.16605000,172.00000000,11,10,5,13,45,56.64667539,0.00027121,27.61391815,31.75075522,0.00061286,43.32387343
1.16614000,1.16587000,1.16609000,1.16610000,166.00000000,11,10,5,14,0,55.09356632,0.00026297,25.55303917,43.57509994,0.00058071,41.73307353
1.16643000,1.16587000,1.16642000,1.16642000,182.00000000,11,10,5,14,15,58.03629139,0.00025881,25.60579809,108.10207964,0.00052429,41.64602194
1.16668000,1.16628000,1.16666000,1.16665000,219.00000000,11,10,5,14,30,61.31254292,0.00026134,27.42292923,148.73753448,0.00046929,43.24845950
1.16686000,1.16649000,1.16665000,1.16666000,247.00000000,11,10,5,14,45,62.34023391,0.00026812,30.12212476,139.89355925,0.00042571,45.88054697
1.16685000,1.16663000,1.16680000,1.16679000,190.00000000,11,10,5,15,0,63.55199645,0.00027698,32.46142755,138.87673231,0.00038286,49.44591124
1.16688000,1.16663000,1.16668000,1.16667000,203.00000000,11,10,5,15,15,62.49440827,0.00028524,34.79296127,111.40207310,0.00036786,53.53679086
1.16668000,1.16649000,1.16654000,1.16653000,115.00000000,11,10,5,15,30,59.35394267,0.00029206,32.71443204,69.93725043,0.00034929,58.00762578
1.16656000,1.16632000,1.16649000,1.16647000,159.00000000,11,10,5,15,45,57.39995407,0.00029743,29.16604933,40.62128771,0.00035214,63.17767789
1.16675000,1.16647000,1.16666000,1.16665000,92.00000000,11,10,5,16,0,59.88001421,0.00030376,27.13647989,68.97827092,0.00033857,68.76925354
1.16665000,1.16644000,1.16645000,1.16644000,62.00000000,11,10,5,16,15,56.99006786,0.00030778,24.69949270,23.76136720,0.00030857,72.41397489
1.16648000,1.16640000,1.16642000,1.16645000,58.00000000,11,10,5,16,30,55.57215074,0.00030707,22.09493662,-6.42437592,0.00028786,74.27354268
1.16683000,1.16624000,1.16624000,1.16559000,207.00000000,11,10,5,16,45,54.65018840,0.00030145,20.94098365,-26.37917638,0.00029929,74.63530990
1.16612000,1.16551000,1.16600000,1.16595000,227.00000000,11,12,0,17,0,45.47410901,0.00028722,19.72310927,-175.35641548,0.00033643,73.13191572
1.16603000,1.16577000,1.16593000,1.16588000,51.00000000,11,12,0,17,15,45.62772898,0.00026663,18.66761814,-151.67878159,0.00033286,70.20958554
1.16593000,1.16550000,1.16562000,1.16574000,93.00000000,11,12,0,17,30,41.47503182,0.00024036,19.90206936,-188.38731108,0.00034429,65.72917886
1.16622000,1.16553000,1.16565000,1.16570000,616.00000000,11,12,0,17,45,43.59698978,0.00021131,18.86204221,-127.59513189,0.00035357,60.08150599
1.16595000,1.16563000,1.16588000,1.16587000,211.00000000,11,12,0,18,0,45.22908200,0.00017948,17.96068536,-89.95568686,0.00034786,53.69955476
1.16642000,1.16587000,1.16623000,1.16625000,202.00000000,11,12,0,18,15,52.43566855,0.00014966,17.53115232,-15.96604276,0.00036071,48.70536058
1.16647000,1.16608000,1.16627000,1.16628000,146.00000000,11,12,0,18,30,54.00716798,0.00012295,17.63890012,9.02437651,0.00037286,45.03896329
1.16628000,1.16598000,1.16607000,1.16608000,97.00000000,11,12,0,18,45,50.37002907,0.00009796,15.95828435,-21.07526882,0.00037643,42.38369281
1.16618000,1.16462000,1.16467000,1.16468000,335.00000000,11,12,0,19,0,34.79149058,0.00006987,16.70711991,-207.38768888,0.00047429,38.96754054
1.16491000,1.16449000,1.16484000,1.16483000,271.00000000,11,12,0,19,15,32.12874755,0.00003735,18.13049352,-197.27043466,0.00048714,35.73323054
1.16513000,1.16464000,1.16479000,1.16479000,219.00000000,11,12,0,19,30,33.52434897,0.00000409,17.01085400,-150.60063551,0.00050214,33.12972759
1.16497000,1.16448000,1.16486000,1.16485000,282.00000000,11,12,0,19,45,33.03663547,-0.00003059,17.29410137,-124.32469919,0.00052143,31.10029496
1.16498000,1.16448000,1.16490000,1.16492000,231.00000000,11,12,0,20,0,33.55711968,-0.00006650,17.42350697,-97.73712085,0.00055143,29.24864211
1.16515000,1.16488000,1.16510000,1.16509000,147.00000000,11,12,0,20,15,39.05531355,-0.00010396,15.44404180,-55.80943121,0.00052857,27.46894932
1.16514000,1.16466000,1.16483000,1.16482000,209.00000000,11,12,0,20,30,36.47501060,-0.00014455,15.16332288,-68.73692325,0.00051071,25.36210851
1.16505000,1.16472000,1.16499000,1.16499000,111.00000000,11,12,0,20,45,38.13285066,-0.00018533,14.92003315,-52.20125786,0.00051571,23.49728156
1.16513000,1.16497000,1.16511000,1.16508000,147.00000000,11,12,0,21,0,41.37153129,-0.00021617,13.53624447,-29.84428923,0.00049643,22.83801125
1.16530000,1.16501000,1.16529000,1.16529000,149.00000000,11,12,0,21,15,44.50036735,-0.00023542,14.93732615,-6.97984161,0.00046786,23.02089254
1.16544000,1.16520000,1.16524000,1.16524000,153.00000000,11,12,0,21,30,45.75826553,-0.00024523,18.07590252,7.64417178,0.00046214,23.88804463
1.16531000,1.16489000,1.16496000,1.16494000,177.00000000,11,12,0,21,45,41.36812826,-0.00024898,16.78637046,-24.52672315,0.00045286,24.83129652
1.16541000,1.16489000,1.16536000,1.16535000,120.00000000,11,12,0,22,0,46.35643731,-0.00024618,16.41723558,53.50967989,0.00046214,26.43338320
1.16549000,1.16524000,1.16531000,1.16532000,110.00000000,11,12,0,22,15,48.10002136,-0.00023940,17.30427255,131.54362416,0.00045857,28.11542930
1.16552000,1.16525000,1.16552000,1.16553000,90.00000000,11,12,0,22,30,50.51454475,-0.00022700,18.48817456,141.61137440,0.00036643,30.97728697
1.16566000,1.16545000,1.16553000,1.16550000,92.00000000,11,12,0,22,45,52.38164642,-0.00021004,21.66835670,140.48442906,0.00035143,34.61976121
1.16553000,1.16528000,1.16540000,1.16541000,77.00000000,11,12,0,23,0,49.26762070,-0.00019183,20.68580675,81.53230417,0.00033429,38.61602597
1.16543000,1.16531000,1.16531000,1.16533000,44.00000000,11,12,0,23,15,47.89862292,-0.00017443,19.83426346,53.42416956,0.00030786,42.54620335
1.16533000,1.16517000,1.16517000,1.16518000,47.00000000,11,12,0,23,30,45.09197199,-0.00015934,19.09464362,-2.17507769,0.00028357,46.22006723
1.16524000,1.16511000,1.16513000,1.16513000,68.00000000,11,12,0,23,45,43.86758618,-0.00014472,20.04464452,-30.67477752,0.00027357,50.34488474
1.16529000,1.16508000,1.16529000,1.16529000,64.00000000,11,13,1,0,0,46.19347919,-0.00013173,19.58011979,-5.93869732,0.00025429,54.14869681
1.16546000,1.16524000,1.16542000,1.16542000,102.00000000,11,13,1,0,15,50.06051219,-0.00011966,18.19269615,62.75862068,0.00024643,57.98483951
1.16583000,1.16539000,1.16580000,1.16580000,156.00000000,11,13,1,0,30,57.24042242,-0.00010679,19.61884638,199.43741209,0.00026643,60.80953533
1.16600000,1.16566000,1.16580000,1.16579000,183.00000000,11,13,1,0,45,59.40122576,-0.00009322,22.09592402,190.28094153,0.00027000,62.75881210
1.16583000,1.16542000,1.16557000,1.16557000,269.00000000,11,13,1,1,0,53.63032598,-0.00007985,21.47415012,82.41557651,0.00028214,63.74684695
1.16557000,1.16526000,1.16526000,1.16526000,156.00000000,11,13,1,1,15,47.66851115,-0.00006835,19.00751572,-33.11827957,0.00027429,63.36534212
1.16540000,1.16490000,1.16491000,1.16491000,199.00000000,11,13,1,1,30,41.75634084,-0.00005989,18.51318479,-150.04182351,0.00027286,61.52287885
1.16534000,1.16450000,1.16482000,1.16481000,330.00000000,11,13,1,1,45,39.04291983,-0.00005478,19.43178060,-168.90113254,0.00031500,58.98813913
1.16521000,1.16476000,1.16503000,1.16501000,273.00000000,11,13,1,2,0,42.50090523,-0.00005201,20.22789696,-102.11857581,0.00032786,56.23706712
1.16527000,1.16463000,1.16477000,1.16478000,298.00000000,11,13,1,2,15,39.88691787,-0.00005352,21.54886086,-122.55054433,0.00035857,52.74590755
1.16521000,1.16439000,1.16445000,1.16446000,413.00000000,11,13,1,2,30,36.07953334,-0.00006294,23.58247901,-153.31058021,0.00039929,47.66596098
1.16460000,1.16392000,1.16401000,1.16402000,378.00000000,11,13,1,2,45,29.71115692,-0.00008347,27.03434792,-202.63726095,0.00043929,41.57202893
1.16449000,1.16373000,1.16392000,1.16390000,468.00000000,11,13,1,3,0,28.38956783,-0.00011201,30.56375271,-170.69597070,0.00048214,35.56102118
1.16426000,1.16383000,1.16400000,1.16400000,375.00000000,11,13,1,3,15,28.60332445,-0.00014458,33.62257020,-133.83903594,0.00050357,30.45442645
1.16481000,1.16398000,1.16445000,1.16443000,358.00000000,11,13,1,3,30,39.05251150,-0.00017443,31.77521505,-66.52231445,0.00054786,27.31640576
1.16487000,1.16421000,1.16470000,1.16471000,305.00000000,11,13,1,3,45,43.45304685,-0.00019891,29.63728311,-33.84615385,0.00057929,25.61444396
1.16477000,1.16434000,1.16472000,1.16473000,346.00000000,11,13,1,4,0,43.83997704,-0.00021982,27.78440876,-22.84768212,0.00057857,24.70536291
1.16530000,1.16472000,1.16507000,1.16506000,278.00000000,11,13,1,4,15,51.97891740,-0.00023322,26.34199724,54.95409940,0.00059571,25.21813459
1.16512000,1.16430000,1.16430000,1.16430000,293.00000000,11,13,1,4,30,43.04850961,-0.00024285,23.26099761,-30.71059225,0.00062500,26.18993785
1.16448000,1.16410000,1.16413000,1.16413000,292.00000000,11,13,1,4,45,39.06317728,-0.00024779,22.67016538,-79.61339627,0.00063000,27.51093699
1.16444000,1.16389000,1.16391000,1.16390000,253.00000000,11,13,1,5,0,36.91129986,-0.00024932,23.51859721,-100.00550964,0.00063357,28.81389169
1.16431000,1.16382000,1.16426000,1.16426000,275.00000000,11,13,1,5,15,39.51162399,-0.00024713,24.74097678,-62.54856255,0.00060857,30.53046276
1.16457000,1.16417000,1.16451000,1.16451000,247.00000000,11,13,1,5,30,44.93749573,-0.00024295,22.09123118,7.60289634,0.00060500,32.33651951
1.16480000,1.16437000,1.16462000,1.16462000,239.00000000,11,13,1,5,45,47.88552009,-0.00023748,20.85421209,55.93574947,0.00059000,34.03951517
1.16491000,1.16447000,1.16465000,1.16467000,202.00000000,11,13,1,6,0,49.10448091,-0.00023063,20.75106546,72.15434942,0.00056286,35.70974637
1.16516000,1.16467000,1.16505000,1.16505000,280.00000000,11,13,1,6,15,54.41990037,-0.00022344,22.40998946,131.42094730,0.00055071,37.35190502
1.16527000,1.16497000,1.16514000,1.16513000,186.00000000,11,13,1,6,30,56.71761384,-0.00021055,24.91448532,143.16376905,0.00051786,40.22427224
1.16518000,1.16480000,1.16506000,1.16505000,212.00000000,11,13,1,6,45,54.60727090,-0.00019166,24.36899692,104.96644295,0.00051429,44.13220816
1.16579000,1.16500000,1.16565000,1.16566000,290.00000000,11,13,1,7,0,61.85022222,-0.00016271,26.25247193,171.73333333,0.00051143,49.67890230
1.16577000,1.16548000,1.16573000,1.16574000,253.00000000,11,13,1,7,15,63.78885192,-0.00012566,27.88481693,151.99509679,0.00048500,55.85378120
1.16592000,1.16545000,1.16571000,1.16571000,254.00000000,11,13,1,7,30,64.04275748,-0.00008449,30.19654624,124.72534574,0.00048786,61.79015627
1.16599000,1.16540000,1.16541000,1.16539000,183.00000000,11,13,1,7,45,60.71865250,-0.00004285,32.52737364,91.18773946,0.00048857,66.72505593
1.16570000,1.16533000,1.16557000,1.16558000,289.00000000,11,13,1,8,0,60.48548257,-0.00000184,33.04744394,78.17603748,0.00045643,71.04921445
1.16735000,1.16558000,1.16721000,1.16721000,592.00000000,11,13,1,8,15,74.26696378,0.00004619,36.02250993,197.50917051,0.00055643,74.91406003
1.16750000,1.16646000,1.16656000,1.16656000,366.00000000,11,13,1,8,30,72.84091850,0.00009772,38.90740708,156.56477438,0.00059143,77.30745134
1.16731000,1.16653000,1.16699000,1.16702000,260.00000000,11,13,1,8,45,74.29759796,0.00015393,41.40765128,153.69515011,0.00061214,79.16349678
1.16740000,1.16615000,1.16633000,1.16633000,406.00000000,11,13,1,9,0,66.00306626,0.00020616,40.92034011,92.27594578,0.00067286,79.73787270
1.16653000,1.16605000,1.16653000,1.16654000,234.00000000,11,13,1,9,15,63.30835766,0.00025230,38.89884941,62.60661618,0.00067643,79.49649774
1.16654000,1.16590000,1.16625000,1.16625000,367.00000000,11,13,1,9,30,60.06512611,0.00029153,35.37286501,34.62619449,0.00069071,78.48563891
1.16666000,1.16603000,1.16605000,1.16606000,353.00000000,11,13,1,9,45,59.36332663,0.00032570,33.37055693,22.70593256,0.00069929,77.02799238
1.16687000,1.16605000,1.16677000,1.16675000,476.00000000,11,13,1,10,0,64.35654277,0.00035890,32.93950752,63.86587387,0.00073643,75.75056804
1.16728000,1.16650000,1.16663000,1.16663000,489.00000000,11,13,1,10,15,65.92265947,0.00038177,34.66490267,75.31531531,0.00076500,73.80320796
1.16696000,1.16654000,1.16671000,1.16670000,357.00000000,11,13,1,10,30,65.28353434,0.00039639,36.16024513,62.36293860,0.00073857,71.94271641
1.16686000,1.16610000,1.16645000,1.16640000,345.00000000,11,13,1,10,45,59.77100363,0.00040060,32.62545305,14.82866043,0.00077214,69.51068763
1.16657000,1.16584000,1.16586000,1.16583000,315.00000000,11,13,1,11,0,52.04660480,0.00039613,29.17994968,-70.47093558,0.00079071,66.69336988
1.16612000,1.16550000,1.16586000,1.16588000,278.00000000,11,13,1,11,15,48.93651553,0.00038425,28.80729159,-119.93871404,0.00079286,63.31002442
1.16614000,1.16559000,1.16576000,1.16576000,261.00000000,11,13,1,11,30,48.58035871,0.00036774,28.21750284,-137.71578127,0.00080571,59.61070312
1.16590000,1.16554000,1.16556000,1.16555000,234.00000000,11,13,1,11,45,45.82665236,0.00034654,28.36399276,-139.89560030,0.00070429,55.66042507
1.16580000,1.16550000,1.16560000,1.16560000,232.00000000,11,13,1,12,0,45.58468172,0.00031829,29.12601238,-118.91715591,0.00065143,50.59042689
1.16619000,1.16559000,1.16610000,1.16609000,175.00000000,11,13,1,12,15,52.27822778,0.00028641,25.61230901,-42.83657308,0.00063857,45.52394583
1.16619000,1.16594000,1.16604000,1.16604000,211.00000000,11,13,1,12,30,53.24084264,0.00025260,22.56709942,-25.18853696,0.00056714,40.57290256
1.16626000,1.16596000,1.16626000,1.16626000,195.00000000,11,13,1,12,45,55.46990559,0.00022075,21.43309359,6.51569328,0.00055429,36.34084919
1.16682000,1.16618000,1.16676000,1.16676000,257.00000000,11,13,1,13,0,62.01860921,0.00019782,24.28190975,90.70442992,0.00055429,34.23070475
1.16676000,1.16623000,1.16634000,1.16634000,187.00000000,11,13,1,13,15,57.65802116,0.00018219,26.75088375,42.01722017,0.00054714,33.20714034
1.16665000,1.16633000,1.16656000,1.16656000,140.00000000,11,13,1,13,30,59.22010159,0.00017363,28.89066122,65.37978183,0.00051143,33.71893228
1.16667000,1.16643000,1.16648000,1.16649000,140.00000000,11,13,1,13,45,59.00204184,0.00017217,31.10085676,70.76350093,0.00047286,35.86174331
1.16688000,1.16645000,1.16682000,1.16681000,190.00000000,11,13,1,14,0,62.39456666,0.00017840,34.75973861,117.69730733,0.00047357,39.88334353
1.16686000,1.16647000,1.16655000,1.16655000,187.00000000,11,13,1,14,15,59.26080884,0.00018672,37.93076954,84.74384667,0.00044714,44.24869808
1.16691000,1.16644000,1.16679000,1.16679000,166.00000000,11,13,1,14,30,61.20379127,0.00019718,41.03838010,92.07296849,0.00042857,49.33504404
1.16689000,1.16659000,1.16671000,1.16670000,166.00000000,11,13,1,14,45,61.01575812,0.00020816,43.73164258,79.51657590,0.00040571,54.54473987
1.16694000,1.16646000,1.16690000,1.16692000,224.00000000,11,13,1,15,0,62.26427237,0.00021647,42.18377994,84.96098189,0.00040071,59.31183718
1.16698000,1.16675000,1.16690000,1.16691000,136.00000000,11,13,1,15,15,63.64358536,0.00022492,41.91027236,97.53456899,0.00039143,64.51113741
1.16698000,1.16673000,1.16693000,1.16693000,145.00000000,11,13,1,15,30,63.81623061,0.00023263,40.57195449,99.15761472,0.00038786,69.73480047
1.16709000,1.16682000,1.16682000,1.16681000,153.00000000,11,13,1,15,45,63.65346961,0.00023971,41.74881314,92.44030687,0.00036429,74.14558555
1.16682000,1.16661000,1.16674000,1.16674000,79.00000000,11,13,1,16,0,58.51078600,0.00024310,36.67533102,27.90849673,0.00036143,76.92530199
1.16681000,1.16666000,1.16670000,1.16668000,62.00000000,11,13,1,16,15,58.19433017,0.00024448,32.27831318,10.03028288,0.00035071,78.82303850
1.16668000,1.16645000,1.16652000,1.16651000,140.00000000,11,13,1,16,30,52.81130064,0.00024182,32.69514757,-81.96630766,0.00032286,79.09368365
1.16673000,1.16649000,1.16659000,1.16657000,114.00000000,11,13,1,16,45,54.30688639,0.00023645,31.40297567,-67.01830098,0.00030214,78.25707558
1.16683000,1.16655000,1.16658000,1.16658000,142.00000000,11,13,1,17,0,55.23687703,0.00022861,27.76775787,-55.25827815,0.00029929,75.84130126
1.16680000,1.16639000,1.16652000,1.16652000,289.00000000,11,13,1,17,15,52.68010057,0.00021756,26.68827438,-115.63649743,0.00031143,71.77427488
1.16662000,1.16636000,1.16645000,1.16645000,92.00000000,11,13,1,17,30,49.87323131,0.00020325,26.31377843,-137.02173248,0.00029929,65.80833296
1.16664000,1.16631000,1.16637000,1.16642000,126.00000000,11,13,1,17,45,48.36665249,0.00018610,26.73553468,-138.73618971,0.00029500,58.94331971
1.16654000,1.16633000,1.16640000,1.16642000,129.00000000,11,13,1,18,0,48.20159060,0.00016805,27.10105676,-115.13626835,0.00027643,51.56217207
1.16647000,1.16636000,1.16641000,1.16640000,62.00000000,11,13,1,18,15,48.02508699,0.00014948,27.41784256,-99.81003464,0.00026286,44.40143227
1.16643000,1.16616000,1.16616000,1.16618000,90.00000000,11,13,1,18,30,41.91007776,0.00013059,31.03777218,-151.43584152,0.00024786,37.72979954
1.16651000,1.16613000,1.16646000,1.16646000,66.00000000,11,13,1,18,45,48.15468071,0.00011246,32.02179181,-75.70921986,0.00025857,32.68576532
1.16696000,1.16625000,1.16692000,1.16691000,184.00000000,11,13,1,19,0,59.02773593,0.00009783,27.96000234,96.59185369,0.00029143,30.75962345
1.16700000,1.16674000,1.16690000,1.16692000,134.00000000,11,13,1,19,15,61.86050683,0.00008775,24.96405660,153.89096962,0.00029071,31.22246609
1.16746000,1.16692000,1.16739000,1.16741000,197.00000000,11,13,1,19,30,69.39449114,0.00008541,26.07238756,245.70707070,0.00031571,34.50816675
1.16756000,1.16703000,1.16709000,1.16708000,271.00000000,11,13,1,19,45,66.01370146,0.00008893,27.69200036,162.30989640,0.00034286,38.72470460
1.16730000,1.16696000,1.16721000,1.16720000,192.00000000,11,13,1,20,0,65.22399958,0.00009701,27.52338450,119.91370010,0.00034929,43.64689657
1.16735000,1.16687000,1.16708000,1.16706000,206.00000000,11,13,1,20,15,62.53841173,0.00010813,25.99035206,84.13704878,0.00036643,48.55619912
1.16720000,1.16699000,1.16718000,1.16719000,158.00000000,11,13,1,20,30,63.45664434,0.00012343,24.66172396,79.03631787,0.00036143,54.00351169
1.16723000,1.16692000,1.16702000,1.16701000,156.00000000,11,13,1,20,45,60.09726171,0.00013993,21.70733455,52.95157299,0.00035429,58.70711756
1.16715000,1.16667000,1.16695000,1.16696000,163.00000000,11,13,1,21,0,55.93395918,0.00015330,21.71470939,24.35428268,0.00037000,61.69902176
1.16720000,1.16695000,1.16719000,1.16718000,157.00000000,11,13,1,21,15,60.95425025,0.00016468,20.28389445,59.53913927,0.00036429,63.80235496
1.16725000,1.16703000,1.16713000,1.16712000,155.00000000,11,13,1,21,30,61.01330311,0.00017109,17.76329251,54.17568967,0.00036500,64.79499403
1.16724000,1.16710000,1.16715000,1.16716000,90.00000000,11,13,1,21,45,61.63811860,0.00017443,15.57877083,54.37188110,0.00036714,65.68359676
1.16731000,1.16709000,1.16725000,1.16727000,153.00000000,11,13,1,22,0,63.28563373,0.00017597,15.94631292,72.73727373,0.00036357,66.45243229
1.16732000,1.16715000,1.16715000,1.16716000,68.00000000,11,13,1,22,15,61.85522358,0.00017638,16.65006884,58.46968988,0.00034857,67.11514266
1.16725000,1.16697000,1.16720000,1.16720000,125.00000000,11,13,1,22,30,60.16542467,0.00017522,16.58636553,25.99428696,0.00031786,67.33156736
1.16728000,1.16708000,1.16713000,1.16712000,112.00000000,11,13,1,22,45,60.16542467,0.00017354,15.34331284,13.13038129,0.00031357,67.36465656
1.16730000,1.16700000,1.16725000,1.16725000,103.00000000,11,13,1,23,0,61.62445336,0.00017277,15.94667975,83.43579234,0.00029500,67.67537434
1.16735000,1.16714000,1.16734000,1.16734000,76.00000000,11,13,1,23,15,64.50260718,0.00017184,14.50645260,176.06447688,0.00027214,68.22920177
1.16742000,1.16727000,1.16734000,1.16732000,89.00000000,11,13,1,23,30,65.98755185,0.00017118,14.93402411,184.18250949,0.00025857,69.05533374
1.16737000,1.16722000,1.16723000,1.16724000,63.00000000,11,13,1,23,45,61.55092345,0.00016990,12.96589991,87.10444919,0.00023500,69.78348531
1.16726000,1.16706000,1.16725000,1.16726000,83.00000000,11,14,2,0,0,58.50614922,0.00016714,15.16779513,28.85572138,0.00023429,70.19500216
1.16763000,1.16726000,1.16756000,1.16755000,153.00000000,11,14,2,0,15,67.47184116,0.00016587,13.90702936,233.05220882,0.00023929,71.33053014
1.16755000,1.16735000,1.16744000,1.16743000,101.00000000,11,14,2,0,30,64.56793533,0.00016566,12.81436569,149.72553472,0.00022000,72.62715774
1.16746000,1.16735000,1.16738000,1.16738000,79.00000000,11,14,2,0,45,61.94642046,0.00016587,11.86739050,91.48366362,0.00021000,74.09853735
1.16746000,1.16720000,1.16721000,1.16720000,107.00000000,11,14,2,1,0,56.21156386,0.00016508,12.57817434,-1.07899808,0.00021286,74.64785314
1.16728000,1.16697000,1.16726000,1.16727000,145.00000000,11,14,2,1,15,52.87639026,0.00016212,15.88067033,-62.54295533,0.00022500,73.69449717
1.16733000,1.16684000,1.16692000,1.16691000,214.00000000,11,14,2,1,30,45.71513201,0.00015551,19.50502778,-169.63226572,0.00024429,70.62871495
1.16691000,1.16650000,1.16650000,1.16652000,144.00000000,11,14,2,1,45,34.97562977,0.00014343,24.25297327,-286.88387636,0.00026214,65.46162019
1.16745000,1.16652000,1.16743000,1.16743000,307.00000000,11,14,2,2,0,52.97127570,0.00013239,24.78431834,-5.74860575,0.00031000,62.00904626
1.16899000,1.16718000,1.16860000,1.16859000,566.00000000,11,14,2,2,15,69.83665112,0.00012902,21.58878353,322.23277909,0.00042500,60.53278124
1.16955000,1.16852000,1.16925000,1.16926000,511.00000000,11,14,2,2,30,76.29067786,0.00013877,20.46876835,298.11160334,0.00047714,61.37727829
1.16958000,1.16886000,1.16894000,1.16894000,367.00000000,11,14,2,2,45,74.94156380,0.00015894,19.64584201,182.80805833,0.00051357,62.84351993
1.16910000,1.16849000,1.16881000,1.16882000,453.00000000,11,14,2,3,0,69.09883692,0.00018609,17.81081875,112.72986966,0.00054643,64.59680218
1.16999000,1.16873000,1.16948000,1.16950000,440.00000000,11,14,2,3,15,73.96332378,0.00022420,17.35866285,131.58833149,0.00062571,66.79897480
1.17027000,1.16927000,1.16967000,1.16966000,397.00000000,11,14,2,3,30,75.94459469,0.00027476,17.88685876,123.71546605,0.00068286,69.42255585
1.17099000,1.16966000,1.17095000,1.17096000,397.00000000,11,14,2,3,45,80.76532357,0.00034549,19.94397183,149.30982870,0.00075071,73.09847645
1.17106000,1.17048000,1.17069000,1.17070000,296.00000000,11,14,2,4,0,81.17492096,0.00042773,22.06233648,127.81560498,0.00077714,76.20460263
1.17077000,1.17029000,1.17075000,1.17078000,267.00000000,11,14,2,4,15,79.40319826,0.00050864,21.63503663,105.57752890,0.00080357,78.87722049
1.17200000,1.17051000,1.17155000,1.17155000,449.00000000,11,14,2,4,30,82.82367175,0.00058744,23.76590973,127.45574594,0.00089143,81.05042141
1.17192000,1.17145000,1.17182000,1.17181000,301.00000000,11,14,2,4,45,84.12673525,0.00066712,25.61266641,125.26785304,0.00090286,83.20771133
1.17189000,1.17127000,1.17163000,1.17162000,390.00000000,11,14,2,5,0,81.32661549,0.00074782,25.42096571,102.04956214,0.00091214,85.25646004
1.17248000,1.17146000,1.17199000,1.17199000,401.00000000,11,14,2,5,15,82.88621330,0.00082667,27.10869292,106.68819414,0.00095500,86.96542162
1.17245000,1.17198000,1.17201000,1.17200000,278.00000000,11,14,2,5,30,83.41334329,0.00090194,28.57138983,103.54567675,0.00092071,88.42241143
1.17206000,1.17137000,1.17171000,1.17170000,339.00000000,11,14,2,5,45,75.82077624,0.00096302,25.09896950,73.02337124,0.00084071,89.14109150
1.17192000,1.17161000,1.17182000,1.17185000,216.00000000,11,14,2,6,0,76.28569618,0.00101201,22.08953855,68.56749828,0.00078929,89.51392862
1.17241000,1.17181000,1.17227000,1.17227000,242.00000000,11,14,2,6,15,78.49800799,0.00105470,22.71397447,86.01813309,0.00078071,89.83057496
1.17279000,1.17227000,1.17262000,1.17262000,306.00000000,11,14,2,6,30,80.40476244,0.00108889,25.07482563,110.21230435,0.00077429,90.16363137
1.17262000,1.17233000,1.17236000,1.17237000,203.00000000,11,14,2,6,45,77.38162139,0.00111181,27.12089663,93.88571200,0.00070500,90.16460169
1.17284000,1.17222000,1.17269000,1.17271000,214.00000000,11,14,2,7,0,78.44820509,0.00112816,29.86373473,113.83963751,0.00067786,90.16005910
1.17297000,1.17265000,1.17294000,1.17292000,189.00000000,11,14,2,7,15,79.85642308,0.00113819,33.11512236,129.63742690,0.00060571,90.25546476
1.17458000,1.17292000,1.17440000,1.17442000,582.00000000,11,14,2,7,30,84.72402826,0.00115160,37.60702416,227.76635987,0.00068286,90.47553731
1.17466000,1.17425000,1.17465000,1.17466000,256.00000000,11,14,2,7,45,86.15744306,0.00117469,41.69407355,214.14842499,0.00067786,91.22273130
1.17468000,1.17421000,1.17448000,1.17449000,293.00000000,11,14,2,8,0,84.54711031,0.00120399,44.55137906,156.82885468,0.00060500,92.12587662
1.17499000,1.17441000,1.17477000,1.17478000,349.00000000,11,14,2,8,15,85.43477453,0.00123705,47.91827857,135.89926088,0.00061286,92.81091488
1.17637000,1.17387000,1.17609000,1.17608000,816.00000000,11,14,2,8,30,87.83701561,0.00127672,51.55101743,148.14307666,0.00074714,93.29552329
1.17608000,1.17496000,1.17518000,1.17519000,504.00000000,11,14,2,8,45,83.49049233,0.00132059,54.69939111,107.77123261,0.00075500,93.18749984
1.17549000,1.17493000,1.17532000,1.17532000,467.00000000,11,14,2,9,0,82.03329613,0.00136521,56.90428110,87.62997156,0.00076143,92.58944223
1.17595000,1.17532000,1.17562000,1.17563000,360.00000000,11,14,2,9,15,83.36661895,0.00141080,59.75441999,94.02558130,0.00075714,91.79575104
1.17567000,1.17460000,1.17465000,1.17466000,461.00000000,11,14,2,9,30,71.74140873,0.00144120,56.97911096,48.21865443,0.00081143,90.23564656
1.17531000,1.17449000,1.17517000,1.17519000,417.00000000,11,14,2,9,45,72.54088821,0.00145635,53.67893511,50.27460921,0.00082714,88.27941050
1.17549000,1.17461000,1.17478000,1.17478000,590.00000000,11,14,2,10,0,70.72625628,0.00145883,51.52662547,36.38673741,0.00085286,85.99191721
1.17558000,1.17445000,1.17549000,1.17551000,432.00000000,11,14,2,10,15,72.78803828,0.00145158,48.58148198,58.37518092,0.00091286,83.87108927
1.17586000,1.17494000,1.17538000,1.17540000,385.00000000,11,14,2,10,30,73.60372015,0.00143065,47.22790642,68.82435675,0.00093429,81.58822425
1.17575000,1.17519000,1.17554000,1.17553000,443.00000000,11,14,2,10,45,74.29764696,0.00140185,46.05480760,80.18144846,0.00095143,79.78043055
1.17601000,1.17514000,1.17570000,1.17569000,450.00000000,11,14,2,11,0,75.10955406,0.00136872,46.21042306,94.58982504,0.00089500,78.17386611
1.17719000,1.17556000,1.17695000,1.17695000,394.00000000,11,14,2,11,15,80.29515554,0.00133773,48.35276676,241.89016603,0.00098214,77.00930327
1.17745000,1.17687000,1.17723000,1.17722000,431.00000000,11,14,2,11,30,82.35217364,0.00131895,50.86595049,246.20958751,0.00099000,77.04904613
1.17722000,1.17620000,1.17630000,1.17632000,320.00000000,11,14,2,11,45,71.88104183,0.00130350,47.90420110,117.33812949,0.00102214,77.01744790
1.17724000,1.17624000,1.17666000,1.17666000,340.00000000,11,14,2,12,0,72.92864954,0.00129340,45.41378547,109.41753318,0.00091500,77.42789701
1.17668000,1.17630000,1.17657000,1.17657000,225.00000000,11,14,2,12,15,70.46394203,0.00128364,43.25542526,74.30837163,0.00086143,77.54058444
1.17740000,1.17640000,1.17730000,1.17729000,356.00000000,11,14,2,12,30,73.67630549,0.00127772,44.00846538,106.62176549,0.00089286,78.22344316
1.17848000,1.17715000,1.17815000,1.17814000,522.00000000,11,14,2,12,45,77.71711285,0.00128113,46.42253478,146.37891679,0.00094286,79.27780894
1.18048000,1.17812000,1.18011000,1.18011000,831.00000000,11,14,2,13,0,83.15302507,0.00130483,49.69609438,221.49723375,0.00103500,80.77584192
1.18047000,1.17976000,1.17978000,1.17979000,405.00000000,11,14,2,13,15,83.75390428,0.00133838,52.53317937,184.51649424,0.00102714,81.88508635
1.18018000,1.17965000,1.17967000,1.17966000,296.00000000,11,14,2,13,30,81.74693211,0.00137405,53.28974703,138.63194611,0.00100214,82.59329963
1.18019000,1.17965000,1.18002000,1.18002000,234.00000000,11,14,2,13,45,82.27086443,0.00141807,53.98794992,116.14958794,0.00096000,83.73974829
1.18002000,1.17933000,1.17942000,1.17942000,225.00000000,11,14,2,14,0,76.63235231,0.00146346,50.77514567,80.33898305,0.00094357,84.64088685
1.17958000,1.17926000,1.17951000,1.17954000,235.00000000,11,14,2,14,15,75.54360256,0.00151025,46.44054796,65.18068459,0.00092643,85.44691672
1.17964000,1.17930000,1.17955000,1.17956000,260.00000000,11,14,2,14,30,75.74601734,0.00155350,43.52203920,57.20095176,0.00088857,85.78886146
1.17968000,1.17920000,1.17939000,1.17940000,274.00000000,11,14,2,14,45,74.34704469,0.00158565,39.41785461,45.36707938,0.00080643,85.68327469
1.17940000,1.17888000,1.17908000,1.17907000,287.00000000,11,14,2,15,0,69.88441672,0.00159221,36.05675968,24.55830636,0.00080214,84.91628049
1.17926000,1.17896000,1.17917000,1.17916000,203.00000000,11,14,2,15,15,70.07468735,0.00157638,33.14381075,19.01260680,0.00075000,83.80375870
1.17941000,1.17904000,1.17941000,1.17941000,169.00000000,11,14,2,15,30,71.23277196,0.00154528,29.53200454,23.70519437,0.00070500,82.57023135
1.17948000,1.17922000,1.17929000,1.17928000,128.00000000,11,14,2,15,45,71.24964803,0.00150075,27.90101333,10.66785162,0.00069643,80.97585248
1.17955000,1.17923000,1.17931000,1.17930000,115.00000000,11,14,2,16,0,71.46597073,0.00144943,27.59996505,-10.33876901,0.00064786,79.34806163
1.17938000,1.17918000,1.17918000,1.17917000,96.00000000,11,14,2,16,15,69.22234743,0.00139280,25.37200109,-77.43719751,0.00056714,77.29948350
1.17968000,1.17911000,1.17954000,1.17955000,203.00000000,11,14,2,16,30,71.15264263,0.00133395,26.07789744,-0.88239002,0.00043929,74.92618026
1.17980000,1.17949000,1.17966000,1.17964000,147.00000000,11,14,2,16,45,72.59448885,0.00127612,28.07047523,75.25602907,0.00041071,72.70240596
1.17984000,1.17925000,1.17984000,1.17982000,291.00000000,11,14,2,17,0,72.90977039,0.00122240,26.73896781,96.52562779,0.00041500,70.98083956
1.18015000,1.17976000,1.18002000,1.18002000,400.00000000,11,14,2,17,15,75.17779470,0.00117464,28.18631115,208.19672131,0.00040429,69.80101783
1.18015000,1.17974000,1.17981000,1.17982000,244.00000000,11,14,2,17,30,72.73256711,0.00112980,29.08476528,138.20928835,0.00038429,68.52158799
1.17998000,1.17904000,1.17975000,1.17975000,325.00000000,11,14,2,17,45,67.41907888,0.00108573,25.28157025,47.79388083,0.00042857,67.16927465
1.17986000,1.17956000,1.17970000,1.17971000,235.00000000,11,14,2,18,0,68.17774809,0.00104304,21.98546789,62.36897274,0.00042571,66.01482449
1.17977000,1.17943000,1.17943000,1.17944000,173.00000000,11,14,2,18,15,64.10526031,0.00100129,20.96751283,4.58666666,0.00041571,65.46523386
1.17944000,1.17925000,1.17926000,1.17927000,116.00000000,11,14,2,18,30,59.80269094,0.00095707,22.74727290,-67.12134129,0.00039214,64.80629300
1.17943000,1.17906000,1.17906000,1.17908000,197.00000000,11,14,2,18,45,56.89960131,0.00090857,25.76962359,-115.63926941,0.00039714,62.87700522
1.17932000,1.17892000,1.17897000,1.17898000,317.00000000,11,14,2,19,0,54.84476703,0.00085587,29.24272069,-131.50613417,0.00039929,59.43065319
1.17903000,1.17865000,1.17875000,1.17876000,199.00000000,11,14,2,19,15,50.29577370,0.00079588,33.59586078,-165.37996051,0.00040786,54.22472058
1.17899000,1.17858000,1.17880000,1.17879000,281.00000000,11,14,2,19,30,50.25088795,0.00073143,37.65734381,-133.33333334,0.00041429,48.42945233
1.17940000,1.17873000,1.17924000,1.17923000,233.00000000,11,14,2,19,45,56.29894808,0.00066885,37.01458924,-54.25401398,0.00044786,43.31109079
1.17927000,1.17881000,1.17898000,1.17897000,184.00000000,11,14,2,20,0,53.52508404,0.00060662,36.45753528,-71.65627166,0.00044000,38.32864837
1.17953000,1.17897000,1.17932000,1.17932000,251.00000000,11,14,2,20,15,57.84194418,0.00054897,33.11905755,-13.86895476,0.00045786,34.70359654
1.17970000,1.17919000,1.17924000,1.17923000,258.00000000,11,14,2,20,30,58.70563829,0.00049773,28.93109807,3.23076923,0.00045214,32.40942215
1.17931000,1.17886000,1.17893000,1.17894000,195.00000000,11,14,2,20,45,52.01906553,0.00045064,27.80357788,-63.15552555,0.00045643,31.02351490
1.17940000,1.17886000,1.17929000,1.17928000,278.00000000,11,14,2,21,0,55.33109342,0.00040983,25.89818641,-0.10980392,0.00046571,31.05580740
1.17928000,1.17898000,1.17917000,1.17916000,138.00000000,11,14,2,21,15,54.13863434,0.00037599,24.24684714,-9.33333334,0.00042071,32.10676664
1.17971000,1.17916000,1.17965000,1.17964000,161.00000000,11,14,2,21,30,60.18378708,0.00035126,23.17281191,145.71288102,0.00043857,34.79369677
1.17969000,1.17930000,1.17931000,1.17933000,152.00000000,11,14,2,21,45,57.28336072,0.00033008,22.24198138,100.16614745,0.00044214,37.40455375
1.17952000,1.17926000,1.17928000,1.17928000,171.00000000,11,14,2,22,0,55.88494098,0.00031258,20.42440270,70.60085836,0.00044714,40.47004447
1.17935000,1.17912000,1.17920000,1.17921000,138.00000000,11,14,2,22,15,53.43932211,0.00029504,19.87676880,21.19622245,0.00043714,43.07926536
1.17960000,1.17919000,1.17960000,1.17961000,103.00000000,11,14,2,22,30,58.14036550,0.00027942,18.30256125,111.17376186,0.00043786,46.42443531
1.17991000,1.17937000,1.17968000,1.17967000,292.00000000,11,14,2,22,45,60.62507016,0.00026949,19.21209716,148.77887788,0.00044929,51.05988315
1.17970000,1.17939000,1.17945000,1.17946000,145.00000000,11,14,2,23,0,56.98251892,0.00026132,20.00036163,78.84187082,0.00044214,55.03487988
1.17953000,1.17922000,1.17948000,1.17948000,160.00000000,11,14,2,23,15,55.43731791,0.00025456,17.49882958,43.01075268,0.00041643,58.61320414
1.17959000,1.17937000,1.17947000,1.17946000,112.00000000,11,14,2,23,30,56.30322829,0.00024621,16.63088125,54.56095481,0.00039929,60.52389855
1.17957000,1.17919000,1.17924000,1.17923000,127.00000000,11,14,2,23,45,52.48786784,0.00023647,15.39252277,-25.38860104,0.00038643,61.28659753
1.17935000,1.17909000,1.17926000,1.17926000,169.00000000,11,15,3,0,0,50.91164299,0.00022568,15.97487087,-52.89052891,0.00036857,61.26676235
1.17927000,1.17901000,1.17919000,1.17920000,137.00000000,11,15,3,0,15,49.20661833,0.00021447,17.65732260,-100.26666667,0.00035500,60.65217485
1.17925000,1.17884000,1.17884000,1.17886000,214.00000000,11,15,3,0,30,44.45058918,0.00019898,20.50693579,-176.35161416,0.00034571,57.70944930
1.17898000,1.17859000,1.17864000,1.17864000,153.00000000,11,15,3,0,45,40.13242729,0.00017704,24.65773820,-215.18872215,0.00035143,52.80195049
1.17884000,1.17848000,1.17878000,1.17879000,193.00000000,11,15,3,1,0,40.33596838,0.00015144,28.91361753,-162.14780601,0.00033786,47.74459697
1.17933000,1.17877000,1.17932000,1.17931000,325.00000000,11,15,3,1,15,51.37428461,0.00012745,27.66443457,-17.54966888,0.00035000,43.97772004
1.17951000,1.17918000,1.17943000,1.17941000,179.00000000,11,15,3,1,30,55.25647796,0.00010621,24.08991605,43.12449145,0.00035500,41.55201668
1.17948000,1.17905000,1.17925000,1.17924000,245.00000000,11,15,3,1,45,52.36603844,0.00008768,22.19356092,2.78623273,0.00036929,40.24075125
1.18148000,1.17921000,1.18138000,1.18137000,639.00000000,11,15,3,2,0,71.90565309,0.00008497,21.34802694,316.71727665,0.00050214,42.51912232
1.18168000,1.18060000,1.18086000,1.18087000,563.00000000,11,15,3,2,15,72.93012007,0.00009677,21.21798692,236.99953445,0.00054071,45.78880722
1.18111000,1.18061000,1.18098000,1.18100000,392.00000000,11,15,3,2,30,71.30102375,0.00012131,21.10528557,154.71276230,0.00055429,50.06336804
1.18115000,1.18034000,1.18111000,1.18108000,478.00000000,11,15,3,2,45,71.36560164,0.00015782,19.17698775,116.66666667,0.00059000,55.03473021
1.18303000,1.18077000,1.18250000,1.18251000,769.00000000,11,15,3,3,0,79.70844368,0.00021383,20.58327800,164.39790576,0.00073571,60.41465750
1.18257000,1.18120000,1.18230000,1.18229000,614.00000000,11,15,3,3,15,77.65016721,0.00028045,21.80206289,123.52497847,0.00080643,65.05830581
1.18337000,1.18221000,1.18302000,1.18302000,474.00000000,11,15,3,3,30,81.53186714,0.00035992,24.71909503,138.34164885,0.00087071,69.28597074
1.18433000,1.18276000,1.18383000,1.18385000,587.00000000,11,15,3,3,45,84.35080413,0.00045639,28.62012338,149.21974166,0.00096429,73.16570159
1.18470000,1.18336000,1.18346000,1.18346000,594.00000000,11,15,3,4,0,84.53757458,0.00055322,32.53473943,132.06151379,0.00103071,75.73883726
1.18465000,1.18339000,1.18461000,1.18461000,471.00000000,11,15,3,4,15,86.28501788,0.00065294,35.92740667,128.19333333,0.00109286,78.42424330
1.18528000,1.18417000,1.18503000,1.18507000,429.00000000,11,15,3,4,30,87.75561830,0.00075924,39.94489561,128.41916302,0.00114643,80.96435086
1.18514000,1.18382000,1.18395000,1.18395000,541.00000000,11,15,3,4,45,77.24948145,0.00086449,41.34755862,88.74675350,0.00120071,82.71658406
1.18427000,1.18355000,1.18363000,1.18361000,389.00000000,11,15,3,5,0,71.09272341,0.00095409,39.89740269,59.26108780,0.00122857,83.63562058
1.18361000,1.18286000,1.18353000,1.18353000,489.00000000,11,15,3,5,15,66.14876686,0.00102800,34.63166673,32.51074582,0.00125286,83.97245811
1.18446000,1.18345000,1.18443000,1.18441000,325.00000000,11,15,3,5,30,70.73080105,0.00108854,32.92190592,68.14781966,0.00116286,84.00767413
1.18466000,1.18371000,1.18462000,1.18462000,407.00000000,11,15,3,5,45,71.79666851,0.00113313,32.10505053,73.55116178,0.00115357,83.89223003
1.18496000,1.18399000,1.18454000,1.18453000,511.00000000,11,15,3,6,0,72.33906138,0.00116483,32.34939262,76.23585701,0.00118714,83.94164187
1.18463000,1.18398000,1.18408000,1.18409000,314.00000000,11,15,3,6,15,68.10737351,0.00117871,32.46170897,46.19430940,0.00117571,83.28809393
1.18437000,1.18339000,1.18354000,1.18355000,422.00000000,11,15,3,6,30,62.11361792,0.00116968,28.99090638,-18.48852902,0.00108429,81.74566475
1.18471000,1.18349000,1.18464000,1.18465000,406.00000000,11,15,3,6,45,66.46151840,0.00115288,27.19199236,56.08342517,0.00107357,80.51308851
1.18470000,1.18399000,1.18434000,1.18434000,279.00000000,11,15,3,7,0,66.12102439,0.00113333,25.63293354,44.40674481,0.00104143,79.44478693
1.18470000,1.18429000,1.18433000,1.18431000,329.00000000,11,15,3,7,15,66.59022951,0.00111543,24.28174923,53.31509036,0.00095857,78.55253709
1.18457000,1.18387000,1.18392000,1.18392000,266.00000000,11,15,3,7,30,62.06125145,0.00108974,22.71564458,-31.80802859,0.00091286,76.99030470
1.18403000,1.18346000,1.18367000,1.18368000,247.00000000,11,15,3,7,45,57.59630318,0.00105339,24.14339192,-97.82736348,0.00086357,74.37043916
1.18424000,1.18331000,1.18399000,1.18398000,453.00000000,11,15,3,8,0,59.12515958,0.00100935,23.87342406,-47.33381590,0.00085071,71.08144893
1.18416000,1.18353000,1.18372000,1.18372000,472.00000000,11,15,3,8,15,57.84179118,0.00096124,23.63945191,-60.54140858,0.00080143,67.46555992
1.18606000,1.18265000,1.18585000,1.18584000,1392.00000000,11,15,3,8,30,67.78271191,0.00092478,21.08380830,190.01166743,0.00099357,65.97450526
1.18584000,1.18337000,1.18444000,1.18447000,826.00000000,11,15,3,8,45,60.97875212,0.00088808,18.86891716,66.58580958,0.00111571,63.91810106
1.18447000,1.18213000,1.18248000,1.18248000,746.00000000,11,15,3,9,0,46.75332838,0.00083862,18.71524802,-209.83451537,0.00121071,60.30412376
1.18278000,1.18157000,1.18162000,1.18161000,469.00000000,11,15,3,9,15,40.55848400,0.00077076,20.41512401,-248.36903004,0.00122929,55.30695044
1.18285000,1.18160000,1.18238000,1.18237000,726.00000000,11,15,3,9,30,43.82916322,0.00069470,21.45336044,-155.06212001,0.00124929,50.55515252
1.18247000,1.18145000,1.18201000,1.18202000,744.00000000,11,15,3,9,45,41.88351386,0.00061307,23.02266125,-140.78627808,0.00127571,46.09102392
1.18205000,1.18066000,1.18086000,1.18087000,715.00000000,11,15,3,10,0,36.99544088,0.00051925,26.49933460,-154.44354947,0.00130500,41.30641894
1.18142000,1.18081000,1.18131000,1.18130000,463.00000000,11,15,3,10,15,37.92893296,0.00041809,29.51245149,-117.91396407,0.00126143,36.93971078
1.18147000,1.18059000,1.18093000,1.18092000,531.00000000,11,15,3,10,30,36.63459295,0.00029945,32.95322833,-109.65604599,0.00127357,31.56840109
1.18150000,1.17994000,1.18008000,1.18007000,652.00000000,11,15,3,10,45,33.55804219,0.00016779,37.06890554,-118.93761239,0.00135571,26.27930681
1.18029000,1.17936000,1.17960000,1.17960000,544.00000000,11,15,3,11,0,30.30887591,0.00003445,41.73148426,-131.10636757,0.00137214,21.99626602
1.18001000,1.17930000,1.17980000,1.17980000,421.00000000,11,15,3,11,15,30.46706231,-0.00009092,45.91478705,-112.90131300,0.00138214,18.80886195
1.17983000,1.17904000,1.17911000,1.17911000,379.00000000,11,15,3,11,30,28.36394668,-0.00021562,50.06561768,-116.52549410,0.00137214,15.89280483
1.17948000,1.17898000,1.17930000,1.17933000,348.00000000,11,15,3,11,45,28.32923290,-0.00033614,53.84067853,-102.56566453,0.00136286,13.45549818
1.17992000,1.17932000,1.17975000,1.17976000,389.00000000,11,15,3,12,0,33.25555824,-0.00044175,50.62618027,-76.52345679,0.00116357,11.77511969
1.17982000,1.17908000,1.17917000,1.17919000,253.00000000,11,15,3,12,15,31.19389689,-0.00053820,49.07594194,-86.24118203,0.00103929,10.26738004
1.17948000,1.17916000,1.17942000,1.17942000,166.00000000,11,15,3,12,30,31.92112412,-0.00062404,47.73240204,-73.58833290,0.00089500,9.17478479
1.18002000,1.17940000,1.17974000,1.17976000,254.00000000,11,15,3,12,45,36.21661237,-0.00069299,41.91791219,-42.16240928,0.00085286,8.67027974
1.18025000,1.17960000,1.18019000,1.18016000,284.00000000,11,15,3,13,0,40.03306595,-0.00073949,38.56990797,-6.64870995,0.00081000,8.87376393
1.18032000,1.17996000,1.18006000,1.18007000,249.00000000,11,15,3,13,15,40.52293936,-0.00076720,36.52675903,12.64040645,0.00076286,9.54121653
1.18035000,1.17980000,1.18008000,1.18010000,217.00000000,11,15,3,13,30,40.33507984,-0.00077603,32.81934525,22.11403224,0.00070286,11.01941362
1.18027000,1.18006000,1.18019000,1.18020000,226.00000000,11,15,3,13,45,41.63023670,-0.00076868,29.60625331,56.89556698,0.00067429,13.31102179
1.18025000,1.17964000,1.18014000,1.18015000,333.00000000,11,15,3,14,0,40.35662626,-0.00075281,28.42150581,56.31126444,0.00065500,16.16248272
1.18032000,1.17965000,1.17978000,1.17979000,254.00000000,11,15,3,14,15,38.84000243,-0.00072847,26.66609951,34.60733980,0.00059143,19.99417092
1.17988000,1.17940000,1.17941000,1.17942000,315.00000000,11,15,3,14,30,35.61903781,-0.00070088,27.46942542,-48.80257720,0.00055929,23.85889555
1.17963000,1.17900000,1.17933000,1.17931000,356.00000000,11,15,3,14,45,33.90393380,-0.00067542,30.18800597,-81.89371981,0.00055357,27.50431926
1.17940000,1.17902000,1.17914000,1.17918000,256.00000000,11,15,3,15,0,32.66995283,-0.00065576,32.54410912,-109.82615268,0.00052429,30.06870876
1.17954000,1.17900000,1.17926000,1.17926000,297.00000000,11,15,3,15,15,34.24262433,-0.00064059,32.43449459,-90.77853364,0.00052714,31.83399763
1.17956000,1.17900000,1.17940000,1.17940000,267.00000000,11,15,3,15,30,35.59272898,-0.00062839,32.04002537,-64.63371889,0.00052286,32.77793025
1.17952000,1.17905000,1.17918000,1.17925000,323.00000000,11,15,3,15,45,34.49936211,-0.00062037,31.69815204,-83.29022245,0.00050357,32.39113339
1.17936000,1.17896000,1.17916000,1.17916000,154.00000000,11,15,3,16,0,33.74644549,-0.00061529,32.57842460,-90.46438605,0.00050929,30.85040941
1.17916000,1.17889000,1.17903000,1.17902000,143.00000000,11,15,3,16,15,32.35661617,-0.00061242,34.51468474,-97.18425962,0.00048429,28.27370121
1.17912000,1.17890000,1.17896000,1.17897000,98.00000000,11,15,3,16,30,31.90275878,-0.00060882,36.19277687,-93.87618666,0.00045357,25.51418002
1.17921000,1.17885000,1.17895000,1.17896000,168.00000000,11,15,3,16,45,32.02356255,-0.00060298,34.61157530,-84.91238136,0.00045357,22.83239034
1.17918000,1.17853000,1.17876000,1.17874000,395.00000000,11,15,3,17,0,29.93607741,-0.00059569,35.86602901,-114.61922396,0.00046071,20.77235510
1.17888000,1.17794000,1.17800000,1.17802000,519.00000000,11,15,3,17,15,24.30356036,-0.00059286,39.01921637,-220.50078247,0.00051286,18.57478302
1.17832000,1.17710000,1.17710000,1.17719000,433.00000000,11,15,3,17,30,19.15105975,-0.00060069,43.15249499,-277.33105966,0.00055643,15.94380795
1.17733000,1.17679000,1.17688000,1.17690000,572.00000000,11,15,3,17,45,17.03609922,-0.00061969,47.45328277,-222.33699161,0.00054714,13.61484497
1.17811000,1.17690000,1.17798000,1.17799000,340.00000000,11,15,3,18,0,31.50298397,-0.00064072,46.27735988,-99.60749523,0.00060071,12.94432825
1.17807000,1.17765000,1.17787000,1.17788000,178.00000000,11,15,3,18,15,33.48376205,-0.00066116,45.25822671,-70.88964389,0.00058571,13.35739966
1.17807000,1.17763000,1.17804000,1.17808000,157.00000000,11,15,3,18,30,34.80958788,-0.00067994,44.53290763,-53.07958988,0.00059000,14.75494761
1.17830000,1.17801000,1.17826000,1.17828000,121.00000000,11,15,3,18,45,39.09908721,-0.00069513,39.41232449,-21.57022548,0.00057214,16.99309918
1.17862000,1.17807000,1.17850000,1.17853000,319.00000000,11,15,3,19,0,42.43979903,-0.00070410,36.16733393,7.64433715,0.00057143,19.96130428
1.17855000,1.17808000,1.17808000,1.17811000,262.00000000,11,15,3,19,15,39.96884025,-0.00070492,33.35500878,-10.47224630,0.00057143,23.41454305
1.17836000,1.17773000,1.17785000,1.17785000,348.00000000,11,15,3,19,30,37.36564446,-0.00069474,30.00537017,-34.98353418,0.00058786,27.46045111
1.17809000,1.17770000,1.17808000,1.17810000,215.00000000,11,15,3,19,45,38.06075814,-0.00067195,27.48587194,-20.74758505,0.00059643,32.15088476
1.17843000,1.17810000,1.17837000,1.17836000,175.00000000,11,15,3,20,0,43.61989932,-0.00064275,26.27145677,43.33017975,0.00060571,36.43146864
1.17874000,1.17835000,1.17862000,1.17863000,187.00000000,11,15,3,20,15,47.68077538,-0.00060751,27.68127210,103.22911327,0.00060786,40.78610459
1.17892000,1.17850000,1.17866000,1.17866000,224.00000000,11,15,3,20,30,49.20475658,-0.00056753,30.01725648,127.72520154,0.00059143,45.26856553
1.17882000,1.17852000,1.17876000,1.17875000,153.00000000,11,15,3,20,45,49.66687605,-0.00052597,32.04177627,114.21335866,0.00054571,49.78462611
1.17875000,1.17816000,1.17821000,1.17821000,218.00000000,11,15,3,21,0,44.15154037,-0.00048832,29.91448710,38.59516616,0.00050143,53.42076090
1.17836000,1.17789000,1.17795000,1.17795000,198.00000000,11,15,3,21,15,40.42323535,-0.00045475,26.54938555,-46.17860016,0.00049643,56.40120950
1.17844000,1.17795000,1.17834000,1.17833000,142.00000000,11,15,3,21,30,44.36765781,-0.00042089,23.15922482,4.99734184,0.00044357,59.25121309
1.17834000,1.17792000,1.17806000,1.17807000,165.00000000,11,15,3,21,45,42.11552167,-0.00038884,20.28840624,-55.30694206,0.00044357,61.35853845
1.17821000,1.17805000,1.17812000,1.17811000,130.00000000,11,15,3,22,0,42.66064875,-0.00036096,17.80036347,-52.60606061,0.00042357,62.48738683
1.17822000,1.17795000,1.17802000,1.17801000,179.00000000,11,15,3,22,15,41.64006543,-0.00033940,17.71802318,-70.06937562,0.00042214,62.15305068
1.17806000,1.17790000,1.17796000,1.17796000,136.00000000,11,15,3,22,30,40.45406776,-0.00032464,19.11974972,-84.04503418,0.00039429,60.02035287
1.17796000,1.17768000,1.17772000,1.17774000,117.00000000,11,15,3,22,45,37.65414560,-0.00031734,22.93764081,-122.32717905,0.00038071,55.56756403
1.17781000,1.17765000,1.17772000,1.17773000,154.00000000,11,15,3,23,0,37.03307533,-0.00031343,26.74798691,-123.41793570,0.00034714,50.02825392
1.17801000,1.17770000,1.17787000,1.17788000,137.00000000,11,15,3,23,15,40.27468883,-0.00030879,25.55959750,-82.06896552,0.00034143,44.38879718
1.17799000,1.17780000,1.17786000,1.17785000,97.00000000,11,15,3,23,30,40.63374438,-0.00030535,24.52966002,-69.31593130,0.00033000,38.90239781
1.17786000,1.17765000,1.17765000,1.17772000,146.00000000,11,15,3,23,45,37.78011249,-0.00030293,26.18105931,-105.65019278,0.00031714,33.68650090
1.17781000,1.17756000,1.17775000,1.17776000,126.00000000,11,16,4,0,0,38.18086104,-0.00030146,28.68576987,-93.44444445,0.00030500,29.10591232
1.17801000,1.17766000,1.17796000,1.17796000,168.00000000,11,16,4,0,15,42.93102632,-0.00029876,27.19446334,-24.84783387,0.00030857,25.72991268
1.17805000,1.17784000,1.17796000,1.17795000,114.00000000,11,16,4,0,30,44.33842180,-0.00029397,24.83790649,9.67051775,0.00028071,23.53547037
1.17809000,1.17782000,1.17791000,1.17790000,131.00000000,11,16,4,0,45,43.91431601,-0.00028609,21.95660186,3.88964269,0.00026643,22.70675323
1.17847000,1.17788000,1.17842000,1.17842000,311.00000000,11,16,4,1,0,52.78954747,-0.00027250,21.67787796,184.69069871,0.00027357,24.20553869
1.17966000,1.17839000,1.17959000,1.17955000,417.00000000,11,16,4,1,15,67.91818435,-0.00024740,24.20668447,349.39725838,0.00033429,28.93581971
1.17955000,1.17889000,1.17890000,1.17890000,263.00000000,11,16,4,1,30,62.62240489,-0.00021536,26.39831679,188.60566769,0.00037286,34.19381298
1.18007000,1.17889000,1.17996000,1.17998000,336.00000000,11,16,4,1,45,69.46080907,-0.00017129,29.47170945,197.81295632,0.00043786,41.56654131
1.17998000,1.17873000,1.17876000,1.17879000,390.00000000,11,16,4,2,0,57.99156334,-0.00012338,31.19157720,89.76729172,0.00051571,47.58607307
1.17881000,1.17779000,1.17828000,1.17828000,578.00000000,11,16,4,2,15,48.08577915,-0.00008042,28.11716237,-2.91505910,0.00056857,51.36324202
1.17836000,1.17744000,1.17799000,1.17798000,423.00000000,11,16,4,2,30,44.41327544,-0.00004508,25.08025674,-46.97167756,0.00062286,52.95228421
1.17856000,1.17711000,1.17712000,1.17713000,497.00000000,11,16,4,2,45,39.95964284,-0.00001981,23.44784553,-97.83989835,0.00070429,52.29012609
1.17836000,1.17713000,1.17780000,1.17780000,587.00000000,11,16,4,3,0,43.79000811,-0.00000347,22.03308915,-61.45767696,0.00077929,50.46628479
1.17936000,1.17777000,1.17852000,1.17853000,587.00000000,11,16,4,3,15,52.33730703,0.00000360,20.77840943,22.36421725,0.00087786,47.99748147
1.17966000,1.17850000,1.17947000,1.17946000,456.00000000,11,16,4,3,30,58.76151586,0.00001100,20.81765474,90.61624650,0.00094286,46.76571791
1.17952000,1.17840000,1.17891000,1.17891000,451.00000000,11,16,4,3,45,55.05237678,0.00001055,20.25286571,44.75496152,0.00099786,45.02466008
1.17900000,1.17782000,1.17805000,1.17807000,425.00000000,11,16,4,4,0,48.25121281,0.00000344,18.30569686,-38.57939134,0.00106714,43.24819510
1.17807000,1.17731000,1.17756000,1.17760000,405.00000000,11,16,4,4,15,43.30680528,-0.00000769,19.11923577,-103.18805488,0.00110214,41.45095165
1.17823000,1.17744000,1.17783000,1.17781000,399.00000000,11,16,4,4,30,45.37432771,-0.00001750,18.54157976,-71.93887297,0.00111643,40.10374318
1.17799000,1.17738000,1.17759000,1.17760000,331.00000000,11,16,4,4,45,43.75926097,-0.00002396,18.51284162,-81.66276868,0.00106929,39.49698043
1.17775000,1.17700000,1.17723000,1.17722000,403.00000000,11,16,4,5,0,41.05562734,-0.00003274,20.64396741,-104.93640811,0.00107286,38.55696675
1.17733000,1.17679000,1.17695000,1.17697000,376.00000000,11,16,4,5,15,38.76504952,-0.00005190,23.79388399,-125.93769867,0.00102714,36.59435836
1.17777000,1.17697000,1.17741000,1.17742000,324.00000000,11,16,4,5,30,43.18288916,-0.00008204,22.75774961,-73.51307685,0.00099643,33.47690471
1.17757000,1.17681000,1.17701000,1.17702000,320.00000000,11,16,4,5,45,40.79538797,-0.00012038,22.75091686,-98.33777690,0.00097786,29.59836810
1.17706000,1.17636000,1.17660000,1.17659000,422.00000000,11,16,4,6,0,37.38015961,-0.00016287,24.90559877,-131.14891829,0.00096214,25.88833648
1.17686000,1.17620000,1.17680000,1.17681000,397.00000000,11,16,4,6,15,37.50676912,-0.00020339,27.48938889,-113.21030564,0.00090571,23.07972722
1.17694000,1.17570000,1.17617000,1.17616000,443.00000000,11,16,4,6,30,34.36413537,-0.00024699,30.80155524,-130.45119231,0.00090571,20.56425997
1.17668000,1.17612000,1.17646000,1.17645000,251.00000000,11,16,4,6,45,36.87316201,-0.00028961,33.67209940,-98.87942737,0.00083214,18.74305011
1.17685000,1.17590000,1.17677000,1.17676000,416.00000000,11,16,4,7,0,38.81337055,-0.00032721,36.79197772,-77.37520129,0.00081714,17.93191984
1.17683000,1.17653000,1.17668000,1.17669000,225.00000000,11,16,4,7,15,40.30396046,-0.00035716,39.49587227,-56.80990532,0.00075857,17.94930811
1.17686000,1.17596000,1.17621000,1.17620000,305.00000000,11,16,4,7,30,36.96599392,-0.00038673,43.36084504,-95.86950803,0.00073857,17.92299127
1.17658000,1.17594000,1.17606000,1.17611000,283.00000000,11,16,4,7,45,35.67600870,-0.00041459,46.77314017,-103.74510475,0.00073000,18.06850674
1.17708000,1.17609000,1.17707000,1.17707000,419.00000000,11,16,4,8,0,44.89199335,-0.00043188,44.82983689,7.88750757,0.00074643,19.31440488
1.17736000,1.17661000,1.17688000,1.17688000,474.00000000,11,16,4,8,15,46.19783708,-0.00043970,40.38695494,43.02216327,0.00075643,21.10935043
1.17794000,1.17684000,1.17727000,1.17728000,614.00000000,11,16,4,8,30,50.93761185,-0.00043324,36.48900169,127.78600823,0.00078143,24.04078179
1.17780000,1.17725000,1.17753000,1.17754000,368.00000000,11,16,4,8,45,53.14621312,-0.00041521,33.11077554,142.61322529,0.00078214,28.07569845
1.17794000,1.17668000,1.17789000,1.17788000,471.00000000,11,16,4,9,0,53.96544746,-0.00038858,30.00112036,146.36861230,0.00081357,33.25640743
1.17803000,1.17709000,1.17762000,1.17762000,716.00000000,11,16,4,9,15,53.82564996,-0.00035620,26.66222732,124.75822853,0.00082643,39.01654886
1.17826000,1.17734000,1.17781000,1.17782000,510.00000000,11,16,4,9,30,56.43847227,-0.00031476,24.08351922,125.21658855,0.00084214,45.39725572
1.17845000,1.17760000,1.17787000,1.17788000,454.00000000,11,16,4,9,45,58.12960326,-0.00026406,23.17966583,116.17559941,0.00085571,52.33176869
1.17850000,1.17747000,1.17767000,1.17766000,570.00000000,11,16,4,10,0,56.15265411,-0.00021266,21.37070038,86.80060488,0.00084071,57.91507507
1.17766000,1.17620000,1.17633000,1.17632000,505.00000000,11,16,4,10,15,41.12267297,-0.00017167,21.89753075,-61.38833444,0.00090571,60.93917336
1.17672000,1.17605000,1.17668000,1.17668000,433.00000000,11,16,4,10,30,40.17968012,-0.00014344,23.30438382,-72.75534966,0.00088571,62.10761997
1.17769000,1.17665000,1.17732000,1.17733000,440.00000000,11,16,4,10,45,49.32476553,-0.00012161,21.02515457,10.85271318,0.00093857,62.28832488
1.17748000,1.17682000,1.17722000,1.17720000,531.00000000,11,16,4,11,0,48.65027570,-0.00010621,19.04982254,-5.95583401,0.00092143,61.22533564
1.17727000,1.17669000,1.17677000,1.17676000,323.00000000,11,16,4,11,15,45.21039188,-0.00009857,17.01511481,-69.19753087,0.00091714,59.03228087
1.17769000,1.17676000,1.17769000,1.17768000,357.00000000,11,16,4,11,30,52.06841823,-0.00009429,16.72628693,25.37524780,0.00091071,56.87897972
1.17772000,1.17705000,1.17720000,1.17720000,335.00000000,11,16,4,11,45,50.15339524,-0.00009524,16.70451925,-10.71811361,0.00090500,54.24634656
1.17745000,1.17706000,1.17724000,1.17723000,276.00000000,11,16,4,12,0,49.61741718,-0.00009980,16.68565394,-18.22011585,0.00085429,51.63162059
1.17753000,1.17711000,1.17753000,1.17753000,316.00000000,11,16,4,12,15,51.80526350,-0.00009616,17.80784915,18.51453175,0.00084500,50.83975798
1.17786000,1.17740000,1.17766000,1.17767000,308.00000000,11,16,4,12,30,54.44569449,-0.00008339,21.85461590,61.47832267,0.00078786,51.25859413
1.17790000,1.17725000,1.17731000,1.17728000,273.00000000,11,16,4,12,45,51.64117565,-0.00007073,23.33612663,24.03228765,0.00076714,51.51444970
1.17773000,1.17705000,1.17756000,1.17756000,291.00000000,11,16,4,13,0,52.06791643,-0.00005753,22.29695061,38.33827893,0.00075000,52.03958333
1.17770000,1.17711000,1.17714000,1.17715000,263.00000000,11,16,4,13,15,49.15718734,-0.00004316,21.39633139,4.84094052,0.00073143,52.86752173
1.17731000,1.17688000,1.17696000,1.17697000,237.00000000,11,16,4,13,30,45.81977204,-0.00003462,20.18171593,-45.53666495,0.00068857,53.04900813
1.17726000,1.17677000,1.17687000,1.17687000,282.00000000,11,16,4,13,45,44.68623806,-0.00003023,20.35066190,-84.19580420,0.00061857,53.18062951
1.17687000,1.17604000,1.17618000,1.17617000,309.00000000,11,16,4,14,0,37.36629878,-0.00003389,23.66824071,-247.55184948,0.00063000,52.36776518
1.17661000,1.17611000,1.17616000,1.17616000,254.00000000,11,16,4,14,15,36.76954598,-0.00004590,26.54347567,-181.63005413,0.00059143,50.35753268
1.17662000,1.17592000,1.17660000,1.17659000,208.00000000,11,16,4,14,30,39.91466961,-0.00006491,29.90543686,-114.80623325,0.00059429,47.83031978
1.17687000,1.17640000,1.17653000,1.17658000,244.00000000,11,16,4,14,45,42.51028437,-0.00008657,28.52454978,-79.73094171,0.00058643,45.22756786
1.17658000,1.17631000,1.17647000,1.17647000,167.00000000,11,16,4,15,0,40.89787540,-0.00011144,28.74360375,-84.41653457,0.00053929,42.09245157
1.17657000,1.17632000,1.17636000,1.17636000,146.00000000,11,16,4,15,15,40.17579912,-0.00013749,28.93345052,-78.78542510,0.00050929,38.92428980
1.17665000,1.17612000,1.17664000,1.17666000,162.00000000,11,16,4,15,30,42.36741827,-0.00016138,30.65483213,-53.46640053,0.00051929,36.13525348
1.17703000,1.17650000,1.17702000,1.17702000,212.00000000,11,16,4,15,45,49.28003838,-0.00017958,27.07363773,9.65677719,0.00052714,34.31602337
1.17716000,1.17675000,1.17684000,1.17684000,159.00000000,11,16,4,16,0,49.36609556,-0.00018794,24.62390219,22.04382004,0.00052357,33.95628507
1.17724000,1.17684000,1.17715000,1.17714000,163.00000000,11,16,4,16,15,52.77461295,-0.00018624,23.48153841,68.46458108,0.00050571,35.27380635
1.17723000,1.17694000,1.17706000,1.17703000,125.00000000,11,16,4,16,30,52.34232097,-0.00017803,22.49148980,76.35361291,0.00047786,37.07391000
1.17703000,1.17671000,1.17689000,1.17691000,170.00000000,11,16,4,16,45,48.66916861,-0.00016738,21.28047008,44.18402778,0.00046071,39.39380575
1.17713000,1.17678000,1.17690000,1.17696000,218.00000000,11,16,4,17,0,49.60886523,-0.00015346,18.46866038,59.00178253,0.00045500,42.34374654
1.17716000,1.17682000,1.17695000,1.17693000,361.00000000,11,16,4,17,15,50.48233826,-0.00013625,16.51323705,68.61313868,0.00044429,46.17244760
1.17705000,1.17671000,1.17702000,1.17703000,114.00000000,11,16,4,17,30,50.04273375,-0.00011759,15.80215131,55.54663455,0.00040929,50.48018715
1.17707000,1.17681000,1.17706000,1.17707000,217.00000000,11,16,4,17,45,51.18714360,-0.00010059,14.62122350,62.28610541,0.00039214,54.68741763
1.17721000,1.17693000,1.17699000,1.17699000,148.00000000,11,16,4,18,0,51.89913015,-0.00008488,14.91413886,66.45952011,0.00036214,59.02588622
1.17700000,1.17653000,1.17667000,1.17669000,150.00000000,11,16,4,18,15,44.60123096,-0.00007446,15.21398780,-45.73125464,0.00036214,62.05177602
1.17684000,1.17661000,1.17675000,1.17674000,99.00000000,11,16,4,18,30,45.13298861,-0.00006806,15.47385688,-54.17766051,0.00035929,64.33767211
1.17784000,1.17663000,1.17781000,1.17782000,282.00000000,11,16,4,18,45,60.96904787,-0.00005711,15.58627185,260.56224899,0.00042786,67.14595650
1.17817000,1.17754000,1.17816000,1.17817000,361.00000000,11,16,4,19,0,67.25702210,-0.00003905,17.56905410,298.38619921,0.00043500,70.21405082
1.17881000,1.17813000,1.17856000,1.17855000,401.00000000,11,16,4,19,15,72.28796137,-0.00001169,21.45505573,247.15504147,0.00044571,73.02471495
1.17938000,1.17830000,1.17896000,1.17895000,409.00000000,11,16,4,19,30,75.37863024,0.00002618,25.89906669,200.17331022,0.00049357,75.31551904
1.17896000,1.17854000,1.17896000,1.17896000,308.00000000,11,16,4,19,45,74.33507782,0.00007143,29.75054285,143.26000257,0.00049500,77.11988510
1.17918000,1.17868000,1.17909000,1.17910000,240.00000000,11,16,4,20,0,75.58868390,0.00012321,33.95614768,123.67089302,0.00051000,78.85617093
1.18006000,1.17903000,1.17986000,1.17985000,335.00000000,11,16,4,20,15,80.23397766,0.00018787,38.84120396,141.85531404,0.00055857,81.06996183
1.18094000,1.17966000,1.18073000,1.18073000,589.00000000,11,16,4,20,30,84.06533885,0.00026872,43.80145263,158.53765752,0.00062500,83.44149859
1.18162000,1.18044000,1.18129000,1.18129000,467.00000000,11,16,4,20,45,86.33053744,0.00036075,48.58580146,158.22475163,0.00068500,85.26713763
1.18163000,1.18098000,1.18112000,1.18114000,365.00000000,11,16,4,21,0,86.49877421,0.00045748,52.74485958,134.97896213,0.00070714,86.52299778
1.18216000,1.18113000,1.18183000,1.18182000,414.00000000,11,16,4,21,15,88.07883201,0.00055725,56.76033246,135.80845678,0.00076286,87.65399913
1.18205000,1.18144000,1.18151000,1.18150000,322.00000000,11,16,4,21,30,85.81278032,0.00065458,60.24040896,106.98345653,0.00078643,88.53567590
1.18211000,1.18131000,1.18199000,1.18200000,285.00000000,11,16,4,21,45,86.56567812,0.00075119,61.78808385,100.53066765,0.00081000,89.50146231
1.18201000,1.18144000,1.18151000,1.18150000,199.00000000,11,16,4,22,0,81.68734831,0.00084322,63.12940208,77.79079353,0.00083429,90.15970474
1.18156000,1.18058000,1.18065000,1.18066000,311.00000000,11,16,4,22,15,68.20187742,0.00091903,57.64062017,33.06010929,0.00081786,90.01513556
1.18077000,1.18038000,1.18058000,1.18058000,255.00000000,11,16,4,22,30,63.96107929,0.00097226,50.54032206,8.99169515,0.00080071,89.14187841
1.18122000,1.18058000,1.18085000,1.18086000,198.00000000,11,16,4,22,45,66.33508619,0.00100398,47.17143951,20.54955378,0.00079786,87.82235098
1.18120000,1.18080000,1.18085000,1.18084000,234.00000000,11,16,4,23,0,66.73173673,0.00101802,44.25174130,15.85300366,0.00074929,86.19033849
1.18097000,1.18064000,1.18066000,1.18067000,183.00000000,11,16,4,23,15,63.62364041,0.00101191,38.92214951,-18.22038392,0.00074286,83.94833474
1.18092000,1.18041000,1.18083000,1.18083000,212.00000000,11,16,4,23,30,63.76526294,0.00099059,35.28142850,-38.95071542,0.00074357,81.36516448
1.18084000,1.18038000,1.18040000,1.18041000,192.00000000,11,16,4,23,45,59.71745770,0.00095346,32.41845540,-93.68438948,0.00070286,77.59810341
1.18062000,1.18035000,1.18055000,1.18056000,153.00000000,11,17,5,0,0,59.85890921,0.00090588,30.47154520,-91.66666667,0.00063071,72.79195269